"u","smoothVxTheory","smoothVyTheory","smoothVzTheory","smoothAxTheory","smoothAyTheory","smoothAzTheory","smoothSpeedTheory","smoothYawrateTheory"
48,0.695139733072461,8.91619783132099,0.0851899709508704,79.7652921995057,12.8942341408427,-0.898359720091689,9.04662699151418,0.835115648351381
48,8.6681620288635,10.2055102996031,-0.00507625026538355,-158.29311849207,-79.7217328450075,-7.70190325163426,14.9841275529658,-2.53010339974253
48,-7.16390791854762,2.2330960437805,-0.775601487013866,167.903573280215,79.6278105616378,7.40791740870745,0.0647366526501756,-4.88975275366432
48,9.62370925139063,10.1956633377469,-0.0351063978438156,-27.7526828794893,3.49927573382752,1.79079980882826,14.510995751947,-15.648121439016
48,6.84517569807318,10.5460929517715,0.143868805271148,0.885259156344329,-3.61281764404096,5.63453072713915,13.0926293045211,-8.17695988951921
48,6.93063973447311,10.1848885522311,0.707074358610928,-131.137761327805,-77.4365476303995,-5.73504392347048,13.745410526651,-6.47610802747675
48,-6.18654672253427,2.44142041251312,0.133358534613714,167.663581549135,81.4343495830323,7.25026269311341,0.860718647955441,-3.98304876484978
48,10.5765911927761,10.5846768520719,0.858102317400517,-126.529246613497,-8.59209312751382,-5.17902576017711,15.9988168454865,7.7583519963564
48,-2.08000191175885,9.72602173580596,0.340101018693878,171.325177065282,23.8019217846591,11.2294677579721,6.80509280845726,2.64004705091451
48,15.0491419179636,12.1067670743117,1.46290389150675,-109.092782431523,-28.1604645165363,-10.3001563998214,19.1871565882685,10.3193074402728
48,4.13617212089274,9.29113980436828,0.43278941903405,-32.5021083516826,-58.4459982044457,1.65030164811575,10.5635715404016,-5.25569777610394
48,0.883000252684996,3.44670560373135,0.597599707175973,53.219704595083,63.4387862391782,-3.72488236850812,4.84561303546309,-17.5880966580237
48,6.20164441677628,9.79067292427473,0.224924384071983,-44.0482111012596,4.26690051748488,-1.94860320479927,11.2158418904255,-14.519330941721
48,1.79375262976349,10.2176756796774,0.0299015496367602,49.0865514212944,-4.64107308091569,1.71588127887589,8.29998225471836,-20.5353164687978
48,6.69913182608833,9.75379180634927,0.201331930436621,-57.6103870983379,-63.4087535902072,4.0597810394845,11.8986203395957,-11.6161220372813
48,0.935282622474196,3.41303138590995,0.607084235907209,47.8343754236792,60.5183625460505,-2.96741113622932,4.75138949476016,10.7526102416211
48,5.71535491817989,9.46508489711352,0.310207014378084,47.0596630574177,17.6108675294095,5.20900851631957,10.5225808044393,0.621637987102974
48,10.4181168684273,11.2264529476943,0.830956609413406,-120.394390996579,-23.9036221429701,-4.47918802579558,15.3122549591892,11.833661228074
48,-1.62480459048347,8.8363520506207,0.382888321655207,61.7654755256396,-47.0037569890827,9.10133310326915,6.57150063814756,-0.666937595824387
48,4.54865063971974,4.13620469602295,1.29279268730274,-4.00685219494475,50.9654396529225,-8.53877510443874,7.99214007114544,-5.0662106397075
48,4.14418077063964,9.23321239681571,0.438830058672848,74.487423884721,20.337279411421,3.35043749593433,9.53529450632974,-10.4239296426736
48,11.5895582123511,11.2674917197839,0.773778625180819,-57.9039242495097,-13.4421668143473,-5.06901416363081,15.596014393978,-17.5854511769972
48,5.79565671773416,9.92372750654331,0.266783909982369,-22.9345593832386,-35.101864922609,1.96181784484412,11.3314180167744,-12.8856168411418
48,3.49912742848211,6.41366210838095,0.462764595839831,0.106286785907678,-0.821187237070469,-0.130858738585247,8.16347430249026,-9.04927397627243
48,3.50644741726054,6.33187058472961,0.449542244046622,80.7437009870964,43.0018380758668,3.94308537157745,7.71280369467791,-7.72705511504061
48,11.5775910260115,10.6324873965124,0.843729369928114,-58.7092374762909,-12.9082125319672,-5.17213692141725,15.1699174407688,7.93621339629592
48,5.70326760932391,9.34196429632658,0.326399242160662,-54.463620421268,-59.4250362670309,3.02617289287693,11.1839137962276,-3.63863311061859
48,0.253986531407135,3.39940414310197,0.628755675305776,-0.215091117401467,54.5670161538903,-3.60481757258701,4.76163989777192,-0.337075301009799
48,0.229173154726912,8.85631660927652,0.268096596602486,122.995134737285,14.3727808358315,5.35551152925928,6.72108538304989,-3.40017637617391
48,12.5254912723163,10.2939010868704,0.803483363790458,-118.499164931596,-76.4901739618187,-6.36316613763315,16.0957346200843,-4.97937369855504
48,0.672204942756311,2.64528291973422,0.167063623105156,125.790056368242,77.8617931567541,5.97126894276145,4.15541902059748,-5.52946138222875
48,13.2481589119942,10.4316748816441,0.764021637446522,-66.7351648821903,0.0219954098228233,-5.95853429999345,16.3004406261485,1.03578131967057
48,6.57129911760095,10.4342513689149,0.168050672727776,-37.1956808117604,-10.5544272371205,-1.18504145695446,12.0517053617804,-3.88008079415141
48,2.84882588053773,9.3787840587344,0.0492998155843335,-13.2773579909427,-63.6909047859851,0.0482526742609851,9.20603025643442,-6.9691462266282
48,1.51798560916176,3.00988336077646,0.0539518432700627,120.697018020606,74.9850361973523,6.8526002046682,4.80978410822055,-5.33671709237283
48,13.5847038829995,10.5086420509578,0.739052471543859,-68.8176751545668,-0.613530504151913,-5.78912084795319,16.5479177816649,4.22203628220169
48,6.69962076504232,10.4476537698485,0.160020984762094,-39.0196832644974,-10.8009252764243,-1.05870282310762,12.1198675014409,-1.63716453758257
48,2.79477987387647,9.36751913807068,0.0539002419799302,-13.7203841893256,-64.0762156434335,0.110401661359255,9.10206149183775,-3.19129359488422
48,1.41967680153045,2.96007323816667,0.0647657452805188,121.273740176484,72.8953369739072,7.03908785615427,4.59687409160885,-4.28174854627984
48,13.5440762881378,10.2498813160648,0.768527028821928,-70.9119154642509,-10.5167064073166,-4.6112767901039,16.2937144648515,0.474087841662896
48,6.44947606395121,9.19856032304344,0.307293291405309,-53.7469856141475,-59.4372058437978,3.08732996998476,11.6732106254003,-3.62428704399712
48,1.07189037544013,3.25490432969119,0.615789142120364,50.8979522331143,59.5443237585384,-2.93967752871348,4.88719791510585,2.47422642572715
48,6.15830186486135,9.20965644924065,0.321698689635412,71.9461682874284,10.1529283205546,4.56183397300292,10.5961081078222,-5.84369996206948
48,13.3497474855768,10.2253656017483,0.777761575102119,-131.700058282158,-75.2575259870433,-6.00969514470371,16.5890081253575,-16.7551035800349
48,0.176303726381635,2.6999204362986,0.176669815296426,73.6671474782625,73.3629081087972,5.29151836821832,4.15459613862012,-10.7824940879885
48,7.54006515727101,10.0363219592858,0.70560075254688,-8.26466551190555,3.81519290308497,-5.44201885394865,12.2568365614881,-1.24286420050658
48,6.71020256977635,10.4183327590109,0.161295317967925,16.3859454080154,-6.9534369597686,-0.348076321930011,11.6034370925892,-3.01295592310911
48,8.34586036719324,9.72307470608553,0.126296110539169,-65.2318521646838,-68.5778125667676,-0.714318935244855,12.711193823424,6.77460779894891
48,1.81971274490703,2.865355867497,0.0546835498722152,71.9013517685595,65.2164450712418,6.39725651164532,5.04268275006269,1.27727190540895
48,9.00715644183868,9.38708466216168,0.694184522893604,-35.0182986328583,-33.6500219607678,-5.87757329994258,12.8539430792976,8.07271049793741
48,5.50210063428737,6.02228624613909,0.106269998418739,0.352456595664043,-0.156544243909567,-0.0241885113953697,8.85260155169788,-1.981498825648
48,5.53450552926932,6.00675086917722,0.103673886680092,74.0577779178175,30.2231411108611,2.74622778907202,8.50963817158259,-1.55844960500798
48,12.9368453441192,9.02939519389391,0.37822144125191,-53.0040097258629,-53.826944641918,8.37144177648623,15.8555892946721,-14.2088571033253
48,7.63349972218721,3.64724357407676,1.21523724618395,-10.2195080075227,48.5633270680112,-8.39831654802967,9.80139530031429,-13.2498345632854
48,6.60784308934771,8.50391866883017,0.375286462921655,8.66325756718959,-20.754011384937,0.647304303450251,11.0059716879742,-9.09794443762256
48,7.4711106913291,6.42883285917747,0.439878251338981,-1.63454747977728,0.633899891677324,-0.0266161851651441,10.6438166605888,3.36839153447227
48,7.30449809043996,6.49224407182112,0.437009053748044,-41.5239516716021,25.5324052718228,-3.46142863271444,10.7160220813533,4.93155059498575
48,3.14934728304116,9.04563042706661,0.090664518142843,61.3269317066368,-23.2890189808972,-0.642062317968655,8.72861163644983,1.33647264730902
48,9.27875758805203,6.71693635925194,0.02628771328904,3.56071025276927,-2.48037234426073,-0.114497758735198,11.5359896613068,-22.6445069837753
48,9.63205218753026,6.46913731372764,0.0147180218521068,-54.7851066486073,26.2325060876582,0.178971301875062,12.1077687499796,-22.6779848400995
48,4.15011261602457,9.09243609174829,0.0323901155153758,41.3115757337439,-18.8613136601738,2.96363457581713,9.72771416935704,-6.60136896876256
48,8.27870998934467,7.20665141707741,0.328620644898335,-2.26632178136145,1.81888944481686,0.0405374465611704,11.5739684139402,14.9346587413529
48,8.04803455844537,7.38840638850928,0.33241506552927,-2.21859229232721,1.75312904270399,0.0351977967437234,11.4930383013208,17.4427169376477
48,7.82407022064223,7.56369909308677,0.335750444678143,-114.192806383139,-56.9360757515496,-2.73053677165053,12.2107386652099,14.3226438318237
48,-3.60029329813121,1.86952174777846,0.0622911497945326,190.506356445081,74.4908399709367,6.75792896671159,1.34728748468255,-0.289491607450658
48,15.4478857295837,9.31883950088615,0.737947808416647,-121.898916710258,-67.9517886028351,-6.91747853828288,17.7804351985906,-30.6015409189685
48,3.25124582386283,2.52322003676856,0.0458295543083984,119.059838446973,74.9679973022618,0.824996874468373,5.65906073882926,-16.6320693135583
48,15.1537985662124,10.0199143388306,0.128173188218734,-104.059111439902,-6.09390680893682,-1.51796755550212,17.56387976396,-20.2739515497067
48,4.74047054777286,9.40946733698929,-0.0241577612007782,27.9083725320034,-36.6108773044077,0.325428184854469,10.3329654982861,-8.75759638106832
48,7.52772698086596,5.74816595313364,0.00815729888490038,0.756374375909954,-0.180339868384971,-9.94335850168573e-05,10.2074652020131,-2.32926373052614
48,7.59578672961746,5.72853520155448,0.00751334209414686,-26.6223379146253,-34.7375880716363,-0.583482299289814,10.2936092895131,-1.2037136251547
48,4.93034891195659,2.25449587780398,-0.0510583440962253,66.5303732269008,61.7635429734402,1.34871990557515,6.43463578132167,1.90672524025965
48,11.5758782913601,8.42929491454217,0.0832041323214092,-72.6783592898055,-58.9850151586141,-1.21309089406238,14.1553822362938,-3.03887420716138
48,4.30483362337345,2.53064838449337,-0.0382944948045039,60.191831555596,56.8075659953846,2.31399231729252,6.39346271448668,-1.07521704050437
48,10.3165217154012,8.21007832125736,0.192555153001724,-5.92736995961852,-51.3187645969343,3.90105261962437,13.3902799686498,-5.93041150123612
48,9.72048139733522,3.07829403962139,0.582504897986784,-14.2315142859975,36.1603688047263,-5.02546965360637,10.6381401946442,-10.0676848455687
48,8.28964201659699,6.69307038374543,0.0794221907059589,1.39961422429836,-0.704257868829333,-0.0513629198827547,11.1622207449726,-7.50332571841695
48,8.42623984393594,6.62253167664574,0.0740991191898688,1.46923613651001,-0.740076677830987,-0.0521727331911235,11.1928617912401,-6.70535976355971
48,8.56558420635233,6.54710471286958,0.0682859353309115,-37.4472906493737,-41.9784904613834,-1.19911562028271,11.4652439821671,-7.51275446934446
48,4.81763458602302,2.34906963054912,-0.0518310347112931,69.7884180479923,61.1294384206014,1.23431628758594,6.60000143535216,-4.3381302725881
48,11.78906167863,8.46053476787965,0.0710035910218779,-61.6437961548899,-58.2447370398987,-1.87191720137841,14.45397412575,-7.57340468471277
48,5.62142883067904,2.63606194226877,-0.116356205031888,80.8788134978912,60.362508535219,0.58070655015707,7.19471899981821,-10.8522728402276
48,13.7019711350946,8.67083291986737,-0.0589007559225027,-78.9015386388581,-62.6379121835291,-6.24729986872132,15.4475986161135,-6.99280246462162
48,5.8085962831864,2.40672978089194,-0.683820822110457,22.7346295122158,58.4541289733284,5.65987761494614,7.33945163333984,-2.64386242348187
48,8.07497868930181,8.25032692646533,-0.118531392275597,-27.3477599780171,-56.7081007782286,0.266453902509828,11.9568831202928,1.45996559513116
48,5.3370964617987,2.57950787471279,-0.0920691943979111,122.837164317565,61.646074271423,2.2198869338817,6.73754899851276,10.4647043881163
48,17.6132954927542,8.742648862723,0.129354978031913,-141.613766041555,-73.9471922877182,-2.05530637643376,18.5348032400533,0.51205223130276
48,3.44892522033163,1.34754040319981,-0.0764277626040526,-0.426552779404359,-0.0180456771341696,0.0397649036917473,5.78378915675983,1.17833801773916
48,3.39888734711022,1.34416954200079,-0.0730950491787325,138.467837560443,73.8423956500712,2.1221670353903,4.70652760136507,1.24259053270895
48,17.2420216640412,8.72799770957488,0.138904981809401,-168.849174509597,-70.6347815677795,-2.66547322728313,18.4009650845585,-11.6447091343328
48,0.349665552500933,1.66315237937998,-0.128244247935469,104.040113112701,41.9643912219773,1.58449754274333,3.50501889545392,-3.53522562356103
48,10.7501684101769,5.85919905314354,0.0299557598183373,1.44684082899397,-0.61446356388037,-0.0211670809910753,12.2626352745305,-6.09938360070388
48,10.8871926263028,5.79640313214879,0.0272920563153048,-51.5078844688703,29.5513727047117,-0.36559857539503,12.874504919605,-5.83370688823534
48,5.7331107579979,8.75133892725369,-0.00950300998303499,56.4990328260492,-30.6092204878369,0.33715828879747,10.6395867171987,0.289267616604847
48,11.3753961356017,5.68925846540255,0.0236794817169834,1.66039838389788,-0.803836077732589,-0.0253244798026356,12.875223597789,-7.36731706192697
48,11.5381789712686,5.60866507596804,0.0209513787745967,-45.7886978441423,-44.7871651573238,-0.658700301630801,13.2524069425939,-7.39217273989494
48,6.95184310651511,1.12835228792487,-0.0455538939105584,0.302135156976103,2.74759971375156,-0.154181303738314,8.15336766637811,-7.03936459587607
48,6.9790224996215,1.40291488696859,-0.0611768434910596,106.847867638063,72.638941092632,1.93552055283538,7.56220282605306,-7.00619648313586
48,17.656051463817,8.66527111404279,0.131790342905926,-173.394290988053,-67.3669833676247,-2.67652726225805,19.1391185915202,-5.89700396239654
48,0.313763949983747,1.9285594370031,-0.13605635329083,170.248062794642,68.8198482793266,2.68739694381813,3.55856904876411,8.85476399394155
48,17.3309861014123,8.80904743025184,0.132091349795905,-111.896594596353,-68.3987198808436,-2.01407225555421,18.4919078913902,-2.37136389477578
48,6.13831829280091,1.969078852206,-0.0694914209971347,30.8803562962155,28.7094579946274,0.905192677704105,7.75752459302101,-2.11551573487383
48,9.21887997645674,4.83846861922502,0.0204046540037154,1.02943440426551,-0.441178920911116,-0.0177554739028354,10.9481119742082,-3.01966244053756
48,9.31865112312108,4.79409954437226,0.0184133722338228,-27.2534407074639,-34.9503273602712,-0.590434735848991,11.1191641568538,-4.48560213831054
48,6.58577074803913,1.29745374024368,-0.0412683955028124,0.8643022888089,-1.09192855502898,-0.0100274510725293,7.71766876699556,-9.86909957945783
48,6.66893610940215,1.18790806453828,-0.0425063420326578,61.1205745442462,67.9076986118975,1.18905730521746,7.40204691437888,-8.89422122161701
48,12.7733582950188,7.97723385960336,0.0758061209705507,-59.5849822239823,-64.4463190670862,-1.49900059853294,15.0953681990636,-5.91014712864848
48,6.81159550565848,1.53233964929796,-0.0743270641428115,14.8366172034216,1.91669968710314,-1.07050949025487,8.2281882563258,-1.36592619017021
48,8.28783103650583,1.72234561903893,-0.182043555032852,56.3614504758844,62.4374021024937,-3.72102872616754,8.71133025167856,-2.64147152069766
48,13.9205124739599,7.96559165872126,-0.554379249127025,-61.1567377565911,-53.4918894694647,3.24457807932942,16.04217728164,-6.70499534460999
48,7.79750415243597,2.61499243085189,-0.230524417815158,66.6784682986482,56.4228915792059,2.04303137701874,9.60800479619839,-1.9362609424192
48,14.4620440041627,8.25717224226164,-0.0264287833788122,4.65452222222466,-58.9995521123506,-2.08628637092117,16.6215709834311,0.639089674145891
48,14.9195285348606,2.35526504064116,-0.235795222311135,-209.175884194042,-34.9218664439455,-12.2817325335236,15.1191851354343,-3.87733240536031
48,-6.00109337981235,-1.13809954850257,-1.46441136251813,168.411678626269,32.4076611447528,10.6726831367844,-0.762282387501928,-5.14655202504875
48,10.8325847053819,2.10048811556162,-0.397984941250153,45.8380235259791,59.0344463394234,-2.47095114395288,10.9510546238375,-5.33427334793258
48,15.4129056364128,8.00351863014013,-0.64529649063473,-103.48720013815,-65.4644419695279,2.60552496004837,17.3280252659982,-23.4505549356264
48,5.05717516838736,1.45544762179552,-0.385440878696922,33.1239743627159,-0.61003766220278,-3.35216244980005,7.04745892105519,-7.76838010820587
48,8.36617800850772,1.39389754089016,-0.720925380956044,78.2643982599507,70.6286573095685,5.43946949812313,8.60621282038545,-3.38417449162897
48,16.1853424074146,8.45496705912132,-0.177667607653711,-133.049010951703,-76.7251645752214,-5.77894912659765,17.7402423966198,-1.85459657770251
48,2.8774630315264,0.781982000461009,-0.755826824036315,62.414349324865,4.61547262752642,5.71188595058972,5.19010488569877,-0.969626795626252
48,9.11174698329483,1.24173370716864,-0.185329936290581,51.3645367664033,37.1486486217787,1.30637880983804,9.38296031887785,-2.83941663979692
48,14.2449699725755,4.95648424748831,-0.0548662093607065,2.27972369547049,-0.794242482216897,-0.0136419447736533,14.5464499583638,-5.69053311143226
48,14.4655067323178,4.87555270591476,-0.0568472073876652,-110.18470272625,-48.9832440574225,-6.41961702964337,15.0510699081808,-6.16648820845518
48,3.44394787936218,-0.0233057978387023,-0.699078844853505,79.7800003089874,6.5068844503849,6.65529530212437,5.09541098135801,-7.99841981378538
48,11.4146591523307,0.625568254953471,-0.0342436728243198,0.261397747116735,-0.269855557540872,0.0505972170945234,10.783968133818,-1.12954563858819
48,11.4374745048641,0.598192921780974,-0.0293962281676707,-12.9099350846524,27.0188277126386,3.15210069973244,11.0864396159915,-1.84468922834644
48,10.1389837278851,3.29856343610038,0.285198862576532,-0.548698379840526,0.0579340836475229,-0.034113085830792,11.5376124603232,1.78559262290638
48,10.080541481348,3.30414855648427,0.281579410018352,-0.447668019026127,-0.026914045570917,-0.0376985602699963,11.4607761569705,-0.14219469702764
48,10.0280827074837,3.30001615472075,0.277204333037544,-10.8386059518824,-22.8555344581376,-1.9348855350873,11.4053585214117,-1.22126691685627
48,8.94081991448741,1.01406393815366,0.0834716604027758,0.524403678142232,-0.825682850630597,-0.0242455413540285,9.66865163186344,-8.32955281390659
48,8.98556104027072,0.930204765573712,0.0805168580369416,92.1358786997834,75.493147880397,6.38791829371462,9.50879516021244,-8.31637696654836
48,18.1956325987551,8.4794540151888,0.719115333419766,-106.723990937117,-73.6983789736645,-7.70713961289872,19.6656274996465,-4.33465838727072
48,7.51559504308295,1.1083501960327,-0.052182739198492,18.278429964345,-11.8209892488576,-5.7302234893123,8.52966938538416,-8.51220281502056
48,9.34003248544787,-0.0744111476983793,-0.625480737630328,11.3631123244694,2.08078406766619,4.89799069414569,9.11727420578296,-21.4751916569071
48,10.4689286254038,0.131850405839036,-0.136368244428759,-10.546796773949,-2.20819593548627,1.00940920454037,10.3211944323914,-7.69040406249577
48,9.41127181504667,-0.0893164599039511,-0.0356733965631867,47.1879675007689,5.31390571646953,0.688808045419473,9.24632188711132,4.30907951907792
48,14.1222468641298,0.440236166341375,0.0325409474024981,-101.221843666638,-9.41636723803416,-1.29188228252065,13.2446866521244,-2.04380800175075
48,3.99748323395309,-0.501756443596405,-0.0969152133324096,107.645554299823,13.5179073619629,0.348724884998295,5.31915650194189,8.32618465977511
48,14.7542715566684,0.84806138857543,-0.0627678937206159,-107.913569869255,-9.19220436334669,-6.54583626828043,13.2984008178369,-4.92072901336752
48,3.95993024380492,-0.0716784861771358,-0.717600414226898,97.4597315677122,47.6700966349675,7.22422465301046,5.35590436102399,-15.9899367666081
48,13.6985552337601,4.6938058537831,0.0041937058779544,1.74932865789353,-0.338374131779616,-0.0166486964184939,14.1860894756328,-2.15173577282301
48,13.8699441195101,4.65980028287581,0.00235628394975376,-44.8039704739179,-43.6398276184345,2.51039735411245,14.8756498070151,-3.25209062697587
48,9.38198688430396,0.29430636586283,0.252775630863527,-1.40466325831672,0.349946155390372,0.012741829653855,10.0666251254834,3.56438972694896
48,9.23812104776578,0.328800775672218,0.253775198468761,-1.34557029839226,0.283766003303768,0.00918662597065292,10.0051173813288,2.81297968932635
48,9.09590112068456,0.355613323648527,0.254044198717245,52.2105657261767,-0.903284763701309,-1.8709900394348,9.51449727465642,1.70617967084118
48,14.3134921917133,0.265079891877353,0.0667604062644371,-0.49805061991257,0.228044569761912,-0.104826511656796,12.8937764696491,-17.1765904920951
48,14.2558605747943,0.286191568747195,0.0556496825256111,-102.538486653478,-9.15701034335179,-1.40227924098086,13.5733212986998,-9.95713725945559
48,3.99920958987951,-0.629915566312345,-0.0848576471604474,100.88273702649,9.9585940455894,1.29062942792656,5.66482120326352,-4.79686915273287
48,14.0795498668029,0.364219921060406,0.043545629421987,-47.2362199939908,-5.96821122860332,-0.497165972025756,13.0646301482454,-4.18035699335862
48,9.35301987963757,-0.232949200571564,-0.00641049088654891,49.6631673580737,5.88985303284702,0.50706803998504,9.39832004864769,11.4986788115921
48,14.3115569017629,0.354269364925339,0.0436405794510142,-54.9951050710112,-3.53190108410041,-0.599132418695277,13.2331554053043,-0.0963061692505066
48,8.80903658563132,0.000606609488710497,-0.01653740050323,0.799710872108697,-0.656993914934601,-0.00152392646414919,9.37340126327138,-4.06991833148501
48,8.88113102690327,-0.0668990058813965,-0.0173863725669004,0.836965066298263,-0.68515209428488,-0.0022315047541394,9.32562583211663,-5.63498187939976
48,8.96161832735708,-0.135954896567122,-0.017895454304953,0.879727030558992,-0.712535098319804,-0.00274043303875248,9.43296377112999,-6.10702140310079
48,9.04197432860236,-0.208825378832508,-0.0188226268958547,60.2853039168906,4.21454426215827,0.518479798356047,9.21502277838179,-5.67512069751384
48,15.0670697251206,0.212323839189626,0.0328095660817639,0.485258785094837,0.0862785612222895,-0.0297469353879795,13.5010982840224,-5.52307550766923
48,15.1078374662662,0.219339793093718,0.029223080808105,-60.4025577067998,-3.50240344282817,-0.440335957705641,13.9597760048355,-3.89178748643773
48,9.06461102024682,-0.131412232701852,-0.0150856539736423,-8.32838684967126,2.54504817106417,0.0198623588105539,9.74684066880228,2.65548579197891
48,8.22392923805627,0.121134506508486,-0.0138305098740803,-8.37565428916391,6.59993351488992,0.0506774663237013,9.28978671081967,-0.359656516583102
48,7.38316136115062,0.780824139613524,-0.00900203722044604,115.680368951401,60.2449116876954,2.93186389226489,8.42372074187258,4.61877868046411
48,18.9431328632091,6.80385943801943,0.283605899127149,-110.729885765719,-128.249260803404,2.12903492308968,20.0773546027372,-4.31350635547302
48,7.86695858375752,-6.02123205227568,0.496285151515943,27.0609237920145,58.8411547793581,-3.88371119550721,6.91438061226999,-7.1384658159626
48,10.5649604257592,-0.139059698057685,0.107201564729086,-0.389628345579394,0.134703204261037,0.0313378672586933,11.0151740416666,-0.263362995585567
48,10.5226564509125,-0.125963611317376,0.110096378204962,36.6765378396536,61.150760868521,1.30445850648824,10.804368012796,1.94998531944296
48,14.1823320022348,5.98765515181369,0.239936286428797,-12.2011669967008,-118.133015917561,3.55579364826267,16.5007033268089,-0.958778729158893
48,12.9585974720429,-5.82591765387752,0.595276732619806,-36.5748602607801,43.4444866957756,-4.66224882991674,10.5949508537334,-2.64096059478555
48,9.2932269009616,-1.48329423778341,0.128363185730683,47.470717037606,14.6514265258434,-0.300525771578861,9.36706428820521,-3.16575172823768
48,14.0368702904443,-0.0186544025442643,0.0980555951423407,-61.5016906253877,-4.85284427192806,0.0627726117257413,13.376054207916,-10.313155118353
48,7.87877243348672,-0.505546560189901,0.103700670716555,53.2338581552551,9.45267345699461,5.75316290481138,9.00143112517059,-2.15802011368115
48,13.1988842481826,0.439437216041817,0.678761095259483,-6.40162115968317,-3.81901767410102,-4.93625978539429,12.7310708016534,10.4182255037767
48,12.550673064188,0.0559275660559044,0.184522786061156,-47.3511644802729,-3.91567953711471,-1.07299011077639,12.1256088306052,-1.89149836870485
48,7.81236189000457,-0.336087909445838,0.0769739321947736,25.1257890430201,4.2824762299967,3.12255886019483,8.73305832915449,-8.05753478432509
48,10.3170514589154,0.0905538271323447,0.388581017583903,-0.720626188436213,-0.364374687121625,-0.0445845008466091,10.6890643188837,-4.3667007532069
48,10.2416699398895,0.0539120922789627,0.383900377741895,32.1560717391706,0.848181472324646,-2.63972127986969,10.2831860405502,-3.62796879072755
48,13.4492617131862,0.137116421832309,0.119309825188251,-46.6911771561068,-4.71642666108949,-0.860682033969268,12.6842228274297,-2.47028296364099
48,8.77716444883075,-0.33497272487408,0.0329814128399767,44.4901913661066,4.25577262562202,1.08065195563603,9.15946474763981,11.8701762114483
48,13.218262874823,0.0888814274093921,0.140408932881564,-19.9089581623297,-0.841398501210429,3.38420691484844,12.678502410376,1.03907968499393
48,11.2241375574348,0.00444531939751514,0.478603179429017,-1.15301859022024,-0.27074824185083,-0.0424621197423857,11.5226128575949,-1.68442216616799
48,11.1007717344207,-0.0241159089596663,0.473745894550854,-1.06607486021749,-0.314665181497033,-0.0457309961439412,11.4692342257458,-4.09566777250099
48,10.9905049375573,-0.0559240656577704,0.468936819745567,-0.970703769105001,-0.397631674066215,-0.0490067674314104,11.500704217798,-5.0952544062739
48,10.8855338331917,-0.0969212293875903,0.463486555607423,79.2538729197408,9.27881023190443,2.77776769326798,11.1489638873453,-5.83333856831387
48,18.8071598091457,0.830818736549458,0.741069014253086,-91.9694222598393,-11.0598166469398,-7.58094227365648,17.1387847878391,-8.83599813110195
48,9.60239464182897,-0.276766844668066,-0.0176780953232905,0.542332204446527,-1.35898087886344,-5.81380742508441,9.87454247950932,-4.38669326774307
48,9.65330237911045,-0.413390451202207,-0.5993572042831,9.85371817013207,4.67524334397126,4.62710762648987,9.69346614869462,-2.91041686752621
48,10.6309893097639,0.0520938673658304,-0.137394085972892,-14.4993955158823,-2.44037057733332,1.27339740478285,10.9123988609195,3.80530912559985
48,9.17801536658621,-0.192477571090488,-0.0103507724018263,48.6382949573473,3.13806989435559,1.09125763341268,9.67081541833191,20.027241180264
48,14.0339894436135,0.11962750362278,0.09813628148745,-1.91656990543198,0.512874013893831,2.98684087558958,13.3378105227717,6.65757250025703
48,13.839110119686,0.170669920086756,0.396611098873809,-1.55974291846429,0.590622122592647,0.033401074716059,13.4327263961108,6.69959142941849
48,13.675215843618,0.228115281077526,0.399306821759396,-50.0830631234139,-5.84591115805352,-3.55610169167177,13.4523745119292,5.366109795268
48,8.66368241813463,-0.356851374729206,0.0434427654556777,54.3352156992162,6.33909605713037,0.22048139309638,9.28005520144509,1.72908141080293
48,14.089204543351,0.275281696969125,0.06482079101483,-49.0544493425885,-4.43036972394445,-0.836614520551754,13.3584600238353,-0.156558968573654
48,9.18067237394571,-0.168282616080351,-0.0191183357800687,-2.10092468827722,-0.471188530158242,0.185921526692792,9.94900563115787,-3.28685585111471
48,8.96278395813286,-0.217142574166707,-0.0012133669080123,48.7331574435613,3.16807229117245,1.13790922246271,9.54511819520142,0.123358177880292
48,13.8325310135924,0.0992566766754268,0.112343949075194,-0.0955770961508703,1.04070064337466,2.85923376669853,13.2461935746342,-1.76239825817695
48,13.8151584320144,0.201876768628908,0.397668833030442,-0.578295517390288,-0.19917069223851,-0.00897435944297563,13.5287640008564,-1.35896893027053
48,13.7537414575794,0.181585623371284,0.39652326900545,-49.9269002678816,-5.78006866817419,-3.51334548119832,13.6672853411315,-2.23659693142892
48,8.75318144287428,-0.398038823575135,0.0445320478866451,59.4938624967439,5.84973720617818,0.0423381141050196,9.57464422669086,-1.61407988496612
48,14.6990671428186,0.186481107859956,0.0485100932233971,-22.816735830575,-3.26798875447734,-0.383455349924356,13.9154735420197,-5.52148575474451
48,12.4095273326162,-0.141982420347652,0.00951268878694694,0.898177068113798,-0.235893397758429,0.0407130358599565,12.3179750104222,-1.2166970154347
48,12.4960461801113,-0.166049551062982,0.013316731345776,-18.6931034220853,-11.9458399754758,0.019893567263367,12.5259465089464,-0.717329828415118
48,10.618594074801,-1.36272597671279,0.014530030663975,-57.4832770841264,-67.2307952725838,-1.27467145189892,11.2711939216928,-1.28142852571329
48,4.86714282061422,-8.08650507459683,-0.113283034863373,111.768606835443,71.4588932181538,1.92699173379414,3.97084998627775,0.151179402585416
48,16.0356810799894,-0.942810137576243,0.078640768003629,-61.269531346967,4.52061552602821,-0.888918686140957,14.7414978316469,3.01935827099319
48,9.9057238927636,-0.491217208491902,-0.0105270043485693,24.3956433211426,4.76945494263225,0.0922300112834994,10.649198869223,8.94833090090828
48,12.337321767224,-0.0160880168418753,-0.00200410604866547,1.03954775348968,-0.218083874192905,0.0409226189109607,12.3822928182603,-0.180841438093094
48,12.4381050149478,-0.038252230144816,0.00184373776281338,24.4531378595043,2.59587252247535,0.371472180562108,12.2794231370692,-0.756199548733194
48,14.8755264029603,0.219612933115922,0.0383341035589845,-48.5003936153047,-5.11551474540225,-0.756863330893501,14.3063066160556,-3.36676913749391
48,10.0223677636752,-0.292320164715638,-0.0376064052903372,43.7221362547865,3.98505286235354,1.17181339469115,10.5794188302051,-9.60207004469333
48,14.3865794466751,0.104571931530189,0.0789425020044587,-19.9436642011749,-1.32451817440918,1.82298620676711,13.8757438567924,-4.2651223342606
48,12.3889906809396,-0.0282340720021672,0.260999313351773,-0.848847400819496,0.660787609415842,0.0431855903406375,12.5619177651907,6.33470748542529
48,12.296185663881,0.0362132879033168,0.264670548701361,-0.831624546478999,0.631620943536264,0.0403023762516556,12.4797063337642,6.25025627566021
48,12.209855265677,0.0991207598115875,0.26846453659303,29.4987097463818,3.49525291130367,-2.85481020784806,11.9514675169313,6.74014074913736
48,15.1517818124048,0.446764793259149,-0.0177192417209929,-103.862999888466,-12.5808676090408,-6.7151008880254,14.1208500640883,-0.0124961613712253
48,4.76247282149619,-0.812065691830983,-0.689543350409158,56.7344948367897,8.82946092213957,5.65388187837483,6.33897525633167,-8.25644022192175
48,10.4283383697285,0.0690231219938187,-0.124878926572792,43.9299988571851,2.19974627280481,1.50184260128117,10.4171880864761,-3.4519475001723
48,14.8177957350178,0.288489563159265,0.0250511687085915,-60.1641921366889,-8.25197704842172,0.475055805096048,14.0693130346949,-11.7526101875537
48,8.79360863841626,-0.538119443654023,0.0719686718749974,99.9242497814227,14.0249153893691,6.59807494822584,9.57321557190866,-0.530928182159399
48,18.7824454119746,0.863974585032175,0.731516184937282,-104.19038379277,-13.7254409281395,-6.40932817733951,17.3874946087684,14.9688980294488
48,8.35551801660487,-0.510172030750171,0.089944788391039,55.0930067037822,6.64710444154932,0.0695265012994972,9.26674295623231,5.60433985795428
48,13.8613207978269,0.154014429995463,0.0966290405697987,-23.8132417773674,-1.32825839046738,0.611396354455716,13.2924729432213,0.651534504538208
48,11.4721804166077,0.0195207145016716,0.157115001016992,0.682094260923375,-0.240161638070231,0.00336247019116307,11.6671363311334,-1.07076348684846
48,11.5369789483911,-0.00491594974821874,0.157194086462755,0.7095569482981,-0.2619430255471,0.00337220445495847,11.6463914096946,-2.06421970368636
48,11.600061491891,-0.0327482265847809,0.156884246151365,0.733703827508444,-0.26248805203428,0.0031125381115617,11.6603896968181,-2.30541500917697
48,11.6700913817298,-0.059392664958505,0.156947325239575,0.76274532729399,-0.289685650120729,0.00325226242232543,11.7011601092041,-2.45841714321165
48,11.738495406335,-0.0900012844629496,0.15662624282606,0.782006922883693,-0.290967469119681,0.00303219358079757,11.7596965263861,-2.59093021628395
48,11.8132557503884,-0.119565766320965,0.156663971157303,0.812373330706714,-0.307422065498244,0.00294784982007363,11.837381552702,-2.63887892372969
48,11.8865389437573,-0.15170955655619,0.156385970298239,65.6508328409823,9.45992691481509,6.05325908620702,11.8089546631915,-2.1483992259779
48,18.4480981815114,0.793917938059149,0.761473529585334,-119.292281067473,-14.8101542567582,-5.48238295386593,17.2896452390045,11.2170449704284
48,6.51076326852999,-0.688680265597149,0.212612330587613,66.3108173476557,11.1326939947653,4.68288831525281,8.3649326658603,3.31457886073373
48,13.138540903765,0.42430193026657,0.680640066698308,-0.692711098673481,-3.74856618598611,-5.18047006177089,13.0060824464314,1.68583034886662
48,13.0611283785819,0.0478983868184817,0.161981057195122,-30.8397546232289,-2.79756556177399,-2.04161152709958,12.7499470942278,-4.14937378408991
48,9.97406525466652,-0.232149975241918,-0.0424147724287336,58.7377399670365,7.29751356619248,-0.243921257909369,10.0744568762463,-10.0725353188617
48,15.8399394926257,0.495720834425781,-0.0675117893279478,-109.899757628283,-14.6455560163633,-5.95431883518974,14.6362698191471,-3.97150033449372
48,4.84706059234324,-0.969488456509611,-0.663238845977346,97.4615196358311,12.1605277128955,7.0740100677359,6.27854834030101,4.17629566787999
48,14.5853867887711,0.244757375887677,0.0434931539274253,-3.3869764598268,1.16383986033273,5.99610352548418,13.9222781257242,0.141903374695375
48,14.2435915860031,0.360947151792038,0.642884894120161,-23.1187754606499,-6.48525143247914,-3.67285316483386,14.0253238594516,3.03840960785057
48,11.9235098550962,-0.289020337024233,0.275027959992792,9.79391952967431,4.42179936526992,4.7092762224756,12.3297269878692,0.111375444081642
48,12.8995779367826,0.152932846136725,0.745719911715899,26.2839693793952,0.96379642741405,-2.36853090403353,12.9970399506429,11.9117485402474
48,15.5198901130943,0.248045202835207,0.508326371149672,-0.691775854551729,0.0970006666338348,-0.00162428275603221,14.5831805961415,0.284052040563712
48,15.4472157493043,0.257442590433794,0.50794770741091,-78.5397290256826,-5.04084601171401,-4.26445143152179,14.648999674856,-0.264018557475865
48,7.5852630114648,-0.248403510742941,0.0808252308308914,1.62190586572302,-0.77864871126578,-0.0396863063489707,8.82720253773194,-6.72364132323642
48,7.74412150441226,-0.326908433684514,0.0765376132336786,1.67718986016323,-0.807737430726549,-0.0391250505793451,8.74182770604297,-7.76238770297401
48,7.9038685041758,-0.409170381500146,0.0720184347004482,103.761272188538,12.6964363155024,6.83231025104053,8.5646632288834,-7.24803704952944
48,18.2763348718033,0.860089519288762,0.755005494650755,-112.148205753303,-16.1746604766168,-5.51300995896801,16.8496260153548,5.85288965013379
48,7.05366205037513,-0.758688812609225,0.203151441027502,114.911560482733,16.1182028407396,5.37351383203631,8.16834797098262,0.766601830565598
48,18.5411015983772,0.852756032628647,0.740252783431976,-103.481883588289,-13.8252164131788,-6.39350311548477,16.957474695162,-1.14508755385237
48,8.18493790576321,-0.531271706756217,0.100287743897479,50.9143936094044,6.79290069442539,0.207209825630986,8.89323932431582,1.24340217989219
48,13.2728975451372,0.147360038100434,0.120715917661137,-57.733368738303,-6.8385190678378,0.110662822108486,12.8511524527334,6.7766233440371
48,7.49176080990339,-0.538166451244977,0.131143574532542,72.7058084929038,9.44913453048724,6.83887226579963,8.67327004802566,4.03898027538109
48,14.7587605675974,0.406587121642436,0.814830987109839,-2.33951578559489,0.605888763220014,-0.0283655125069745,14.1518860463651,4.88388352770528
48,14.5167586293066,0.465775140548381,0.811401869245594,-75.7638064988965,-10.1051625353695,-6.49878406341327,14.1852910404623,3.9238726600312
48,6.93694862988602,-0.545108404649461,0.161277733476582,56.9541913252618,5.2283364202951,0.269277680372287,8.05462486732567,-1.73366274876055
48,12.6243451884638,-0.0238075151417925,0.187614291813743,8.91539485915505,3.33712037657579,4.97556411253666,12.2889039736651,-16.2667800532552
48,13.5126160398815,0.309762438622156,0.684964105212396,-17.9642929260463,-5.46805285091371,-4.0423618373753,13.1531599449429,-5.35476429570617
48,11.708032894433,-0.238378483123407,0.280185059727429,13.095831403182,6.42905460025872,4.09593653477728,11.7126239912653,-5.36510373781293
48,13.0143003238149,0.404164233750009,0.689518369656962,-54.0492209276221,-8.4052646041702,-5.79914846080455,12.9878720043,2.28314277461312
48,7.60136118650612,-0.437932962662491,0.108964733453878,57.4876795848916,6.11965377605954,0.049513811629881,8.34903751995665,0.504128949030398
48,13.346570322086,0.173388373620687,0.113627436552868,-51.9554683078093,-6.97207322981614,-0.113765125733098,12.7609017688821,5.02690849024487
48,8.14323721897092,-0.525356823148102,0.101640248899015,100.556779267955,13.7587891640824,6.57561861188467,8.76513170686093,4.32307743652714
48,18.1953523332913,0.850108892048905,0.758953608082969,-118.444673000003,-15.9342932062823,-5.31246702761684,16.7542312908327,8.37770072548172
48,6.34289047400357,-0.744836429549179,0.2271088330498,64.929126075891,8.5088064922032,5.04461692936038,7.92412589259876,3.83040653858989
48,12.8324208804356,0.10572879608094,0.731312360033427,-3.21301746390251,-15.4288117316217,-3.8002646915807,12.4856292979585,3.74766394401308
48,12.5026884652805,-1.43876197267599,0.350675093103321,-48.1443436379866,-61.3135129891934,2.95608681624952,12.0911282408442,-5.25344437046674
48,7.68489949453414,-7.57077875284196,0.645966348036765,-19.5911742002416,54.3565847074405,-2.46377498295112,6.38972909380683,-14.5464792759861
48,5.71725356218276,-2.13680509671845,0.398947448207736,111.632153738025,28.6572560088529,10.2507746395455,7.07301904605802,-5.01796865168407
48,16.8770307643105,0.728831849504902,1.4238044468392,-70.1671565807499,-12.7234291684361,-9.98611464997533,15.8602992352477,10.3209840991484
48,9.8518965897059,-0.544792000325652,0.424675144324278,19.1633986210992,7.2608790155024,3.67421622982662,10.361002243625,-0.209125165646914
48,11.7648299070777,0.180997558335267,0.791856407243287,0.515248507204972,-0.848510394233706,-2.7841179727929,11.7929851565722,6.4193745038549
48,11.8082596733567,0.094778160784978,0.512877983055422,-0.317086470790637,-0.187519696599637,-0.0343499442809047,11.571736731297,-3.17489017521315
48,11.7730749810586,0.0756431420117809,0.509204684372583,-56.2338453152028,-6.5398942582475,-3.06138546610899,11.6493721415229,-3.10604664850414
48,6.14169154708367,-0.579923832216699,0.202448690446692,61.5142149100693,9.63107796064747,5.26067495838507,7.36387068270674,-0.0344952991690592
48,12.2898553907578,0.382858455721023,0.728263323237555,-11.626801196591,-5.96637575024539,-4.22410340301802,11.8159924942522,10.0142601915574
48,11.1190962273649,-0.215193779969025,0.305305781698642,9.59238017118334,5.03044242586605,4.5380000832284,10.862194209073,1.15839436563329
48,12.0750413796657,0.287560238046883,0.758877577563935,-28.321319649146,-4.827320870851,-2.9581927282661,11.8662023960681,4.0305003222152
48,9.23486376923826,-0.196658304400959,0.46245860596228,-0.176758571099382,-0.278164232226329,-0.0436934366005832,9.59723936594811,-3.87489234339183
48,9.21375537753516,-0.22486332084191,0.457847411165058,-0.109141374723285,-0.325297068745194,-0.0453329546682934,9.52925336352313,-4.58733062714633
48,9.19486488342682,-0.258637868827115,0.452806442055261,72.5537909428243,12.0068349029115,9.82928534892995,9.65012399543382,-5.66970427964539
48,16.4466921739979,0.942047882423227,1.43555255382824,-60.2850842783041,-9.75147212190294,-8.35944638294424,15.2374218552397,8.37636686313281
48,10.4099535579465,-0.0342918359026689,0.599100821205382,-1.7451614042368,0.715744302648869,-0.0021280272932313,10.3898832144112,3.81648916911444
48,10.231941083068,0.0366461088625645,0.598593936628108,-100.014133067354,-10.4340590848037,-4.28769868173179,10.5820780226288,4.14349940388591
48,0.222678096228776,-1.00833241640132,0.169181506261307,167.887542985392,20.0087617467741,6.18947653458269,2.47133862504917,1.56731691255559
48,17.0077267653424,0.992157931844005,0.787891200435193,-112.633486073378,-16.2525964299367,-5.43421033114525,15.0530017864385,-6.79037206065951
48,5.7365056962944,-0.634442784866615,0.24392993649644,59.4712929608623,11.0445024307972,4.9421742288181,6.67416644182608,-2.39058669578909
48,11.680103645139,0.469492337146551,0.737858661702358,-59.9170427850975,-10.8755606167035,-4.92475680834897,11.3360474205154,1.57502342981312
48,5.68049967083443,-0.619358242510591,0.244837746189301,111.782134889764,16.0670926044989,5.52681050670607,6.25099455879113,-1.48229615646025
48,16.8550430381891,0.986844694635125,0.797266317127306,-166.62689340774,-19.5629706470859,-6.15658743474153,15.3377216299731,-3.50838010053038
48,0.184644087512333,-0.970860019306681,0.181022627906814,154.109647689608,25.8061511078067,6.32104294729946,2.586595213262,0.162902195717208
48,15.591788849493,1.60945026984465,0.812906768275835,-55.6671786445886,28.4275164192947,-2.87747318900239,14.1698668187328,3.15206743682631
48,10.0173262045242,4.45102880500573,0.524653073032278,-0.831643338771345,1.36657215011337,-0.0250119258978015,11.6543166111067,11.098328639102
48,9.93063361094367,4.58736725463761,0.521914969138357,-54.4254797653642,-42.76508119747,-3.2876225069048,11.6779477870229,10.1951396963199
48,4.48033825630696,0.309429607753066,0.192575799140392,68.4981007697088,4.14475130141995,5.33252575833539,5.74042464238546,5.01949499641626
48,11.3269580695155,0.723478899050926,0.725570799093265,-61.4270465141566,-11.7491618359664,-4.90460574687607,10.6847174179779,7.27719465606012
48,5.17641891391009,-0.452984101495818,0.234517079426049,41.3227505480545,5.47378474960954,3.63642493916662,5.86992630114754,3.89817300031251
48,9.30533823495452,0.0940104792910854,0.597921680816545,-1.5642610728737,0.51482359646325,-0.0120137846968594,8.96751161971173,3.62626104883845
48,9.14111598489585,0.144102404082499,0.596153352412077,-1.50669778004267,0.47060803257625,-0.0149800215477338,8.9197086518359,2.82101139905564
48,8.98704544229416,0.190774982231368,0.594414266825006,-37.6719051467343,-6.48376415726034,-3.59701427237386,8.87082630202533,2.86700024067928
48,5.21207321261224,-0.459088100755011,0.234129311672312,67.1117652484611,10.7824188817825,4.73588365012778,5.75629092724098,2.10157833448613
48,11.9200455603243,0.618821907638218,0.707481196585511,-56.616324896448,-8.33910908270831,-5.62734645888114,10.846933723701,-0.0705123352025389
48,6.25079406479013,-0.216611575601889,0.144147514280285,12.7547710082443,3.17731334794741,-1.14810976119347,6.30977321633099,-4.16371968608627
48,7.52312208837502,0.100670649202926,0.0290893089760756,3.99160170787782,-2.45752623282686,-0.0929376310473496,7.06009021032741,-22.7139570600679
48,7.91481563648538,-0.146604344360559,0.0192036683178758,-15.6224872123841,-0.791246746531131,1.06673703749187,7.25761616156121,-22.8314407273624
48,6.34918950114614,-0.226129133858627,0.125661791232406,-4.885738429534,4.41378572626643,5.48859926510449,6.50268280895073,-3.0730805135531
48,5.85326654263442,0.213529977583058,0.673831502900545,-6.99576950995639,-3.76306924498979,-4.93201907760088,6.19465079703192,33.4092055034785
48,5.15038082002035,-0.16345453351665,0.180338239192219,5.98307076227476,-0.549534851403304,-0.150195767856002,5.23098850935926,21.8663137904911
48,5.74104422058099,-0.220096393778102,0.164698427247297,52.9814974745445,9.32207830181212,5.66105113137891,5.55076393792887,9.16797543976299
48,11.0359696617785,0.711571627477732,0.730537956121172,-119.293494113637,-15.7160188613245,-5.27716814366495,10.2461558008386,7.27625953058587
48,-0.90114680221006,-0.861599198367218,0.202203514772692,113.59938477298,15.1430396552783,5.6540729629011,1.1208830844793,7.8008896716732
48,10.455513077439,0.652205697422133,0.767334228990088,-59.908969457494,-11.2538165341301,-4.88138517730486,9.46529014850571,11.169241681098
48,4.45689512828556,-0.474611526076504,0.278643710012743,59.6405632092847,10.5042740687934,5.14802317829716,4.73477751070985,5.55749134324169
48,10.4176575571988,0.575455228117872,0.793218429263254,-53.675408937534,-5.22828681980914,-3.29543625667585,9.4085143119279,0.834766984120943
48,5.04250481294032,0.0512443945287342,0.463117246917985,0.750254616290869,-1.23565319568711,-0.10452934862772,5.41483356290257,-12.8081516193196
48,5.11432021849089,-0.0726230252963114,0.452432043382835,3.45368027671385,2.63202572488071,-3.30603491152188,5.00977977345733,-13.5743089722805
48,5.45219252110735,0.189030334737424,0.12123117638179,-3.81464438320671,11.4543126061647,-1.04722401778464,5.05502515859302,-11.9670159204505
48,5.06750947897207,1.33405120011218,0.0162968418547419,-4.56219434944326,60.6092461191538,1.50994278232628,5.30283848972502,-20.4374416950266
48,4.60371501266635,7.39356400796728,0.166720795228269,-14.3992812360814,-58.0165702550104,5.06054466614384,8.30797299565353,1.04235133124572
48,3.1608950026397,1.59165309642115,0.672513714274081,15.019243206883,-13.1825233505742,-5.26242361258373,4.31722683766453,44.8435991174011
48,4.65521792891932,0.271499344020622,0.145601075040308,-13.954550882493,-4.68813479312164,-0.791137233488159,4.44463183505798,15.928038524357
48,3.25708705378955,-0.197973478735686,0.0662024272247017,-0.824258637276307,1.38455182852948,0.0847817517604852,3.32615426051586,13.5916893370026
48,3.16737226662348,-0.0612826666886677,0.0740308500138755,55.4698406699896,5.2287825577313,3.39852139154887,3.20993839477935,10.8433382468258
48,8.71124423629846,0.461323828010409,0.41368815722836,1.20227007141869,-1.30355782875106,-0.0720837164166825,7.23752333358873,-11.4479933982703
48,8.82413012853991,0.329580210659234,0.405930571533592,-80.9631306573682,-6.9076561671854,-3.82974251160862,7.53099519112001,-14.851245789804
48,0.724734467324331,-0.361693457375089,0.022695789941138,1.10251612022527,1.03534760846249,-0.238887668819948,1.55162327081252,-20.9007575811572
48,0.827632341773272,-0.259862140363252,-0.00185494688878288,48.6979821986371,4.48664496724837,0.871197799310912,1.18442561155201,-5.32332724524585
48,5.69432575753502,0.188106023671318,0.0849786526045018,-52.0876737169045,-7.18392116713801,-0.116432351786196,4.9856394121592,8.3012141433041
48,0.478319530970726,-0.531912662251854,0.0727257270372782,99.1276108806169,14.0556644614607,6.75905526957578,1.006169786021,9.96550994159395
48,10.3880478254643,0.87316187898361,0.748363417684795,-73.9249668712327,-9.054090369148,-6.78710607862586,8.44612916456314,30.6006428849075
48,2.98824987111166,-0.0338905667186196,0.0690550165109982,1.87218791871483,-0.970148766532599,-0.0406259937293469,2.76838369812514,-6.55260015041497
48,3.17253376670401,-0.131479610478471,0.0647247197888087,-30.3858566582617,-0.0590825317754463,-0.46711479439809,2.79787596955908,-9.95515911408792
48,0.126684407317749,-0.139218977149838,0.0173364924370784,2.1210451280641,0.89964779002425,-0.33149336694424,0.588427433643904,-7.75008413029424
48,0.335773727879262,-0.0499132379255878,-0.0161025991887906,-8.25233659983629,-1.45847900407688,0.886896935236897,0.869702324659114,-23.1873743232384
48,-0.497018019043565,-0.197316904245731,0.0719850584927325,84.2164946518954,22.954279840098,6.84589836341844,0.326235178514372,2.15035579426376
48,7.92158013430985,2.09765579680779,0.756320467326879,-40.5990379912587,54.7400797962521,-5.72758713903399,7.21892277949602,56.0170787065017
48,3.8541367794214,7.56981445129515,0.18289828947208,-52.5099425537167,-65.5991886130732,-1.90393789696095,7.34555503309494,24.6531887106884
48,-1.39965218044734,1.00943220045036,-0.00777163984647705,61.2673221118428,-6.18829645740582,1.31999392944835,0.465377215669271,17.1609733646001
48,4.71973552792968,0.388789175005406,0.123578587284432,2.11047758436233,-1.01544257528331,2.99920840933166,4.21679979022061,9.56583694337563
48,4.92794640198044,0.286882268561401,0.423283987532525,-0.677984442010432,0.0956886961483482,-0.0200089820348061,4.33008270520969,1.01712775087116
48,4.85299991954265,0.294906689008717,0.420681953722974,-41.4704509232627,-4.45313456941453,-4.35292874526153,4.12147111653485,-5.73325420918802
48,0.702865048463485,-0.150787216875639,-0.0148238135428339,-7.12108673410896,0.193474814065736,0.357640553858761,0.908314625101605,-57.8553604125324
48,-0.0164934227224593,-0.13294390980418,0.0203329286017857,5.16748422107664,0.502462195517093,-0.362581190161741,0.288444394992498,-24.6953670729225
48,0.497235166692907,-0.0832592899435243,-0.0161993136576709,8.08855043710539,-0.96265977755443,-0.22574060636779,0.55737155232285,-17.7197340083076
48,1.29888478134486,-0.181148696780891,-0.0393944479377863,41.1939239876849,4.29255963831357,1.39005498629111,0.895714452401338,-0.60415323420802
48,5.41542945927176,0.247399366156794,0.0993223177965248,-43.7073358916252,-3.26412027727629,-1.38025605486618,4.14418639607045,43.6662912473549
48,1.03740226944856,-0.0812254326537349,-0.0394468921228228,-14.0539854015,1.0204971653206,0.719582701175584,1.28392056073897,24.8834741922736
48,-0.370565989887679,0.0199552175554998,0.0321620814042791,37.1734436308175,12.8380004579729,0.836464770270592,0.310900879476456,45.4727611534019
48,3.33923898759005,1.30194126890386,0.115179505834558,59.125343153685,70.327296014106,6.77016805056415,3.47280411881187,29.0631475621039
48,9.24891919254369,8.3343299538453,0.791956393215734,-71.8019626153664,-69.3046147987206,-6.07897075397873,11.1595537135116,42.4888368421001
48,2.06147210747904,1.40237816749084,0.183471744090835,-5.31815385088353,-12.0286175467057,-2.95758545132622,2.88510969791435,-3.99886823024112
48,1.5263213563779,0.199084302737762,-0.112503370572918,-20.5322200243937,-7.02041387350449,2.35275990292491,2.19947091484249,-108.656495064473
48,-0.534317325760941,-0.503846765235683,0.122301330122464,113.363449848573,13.7933207367864,5.92330425066364,0.411554554880665,-43.0029320545428
48,10.7984235352826,0.875216308186058,0.714420569692668,-100.16539320875,-14.4867901693682,-6.47807782417928,9.15353468602741,-28.3604920767883
48,0.774619629504845,-0.574780928570901,0.0660614420548817,66.1163292975124,6.26159749587088,-0.499198093824956,1.27670142424903,-17.5869237345582
48,7.38304807691456,0.0509504336206983,0.0159154557466195,-15.5664676839481,-0.141685187549966,1.01620390725434,5.99990592068235,0.361251412064708
48,5.81903533070607,0.0347008097965262,0.116810684631854,-46.9211101933965,-2.36150459288188,-1.29184966608237,5.22504776069364,69.5563215750698
48,1.12466275027309,-0.202406738855543,-0.0127318563402393,46.8349992637083,6.42321601078863,0.623875269043805,1.52180345690009,44.0579138304806
48,5.80063940211859,0.437774019928109,0.0489235024654402,-57.4504754700169,-2.08335423048717,-0.465367581408643,5.21171077131918,11.7641805092525
48,0.0527879306157528,0.228939175875252,0.00213617470309646,60.3653558401273,31.4369245729806,3.49733589779072,1.17149836679108,-9.88656909989247
48,6.08204629961599,3.37126114042626,0.351303097731462,2.17868185563933,-1.29803931208936,-0.12100274791398,6.77842248393262,-13.710310933793
48,6.29638878753633,3.24133312513732,0.339033928299746,2.29710565240361,-1.36185849056751,-0.120486062706086,6.99530060603692,-14.740406578436
48,6.51866412319019,3.10408821377576,0.326516729151198,27.9641667174803,-18.7095359287446,4.50875215107921,7.23490060872575,-12.1256613999855
48,9.31190674103146,1.23282391983571,0.77716720750693,-101.236983695799,-15.5390665454916,-6.71476628669049,8.68648640169865,27.6805029098733
48,-0.81944454739831,-0.323109478348366,0.104971493014536,8.32901178881818,0.775890249977491,-0.666766975552336,0.976299238164195,10.6529108155499
48,0.0106384457573974,-0.246255454733323,0.0379636347365297,52.9533983814916,2.81691256843936,1.15977312105661,1.19041783607724,4.75475831330731
48,5.29850234490196,0.0339175588424818,0.153352567799377,72.2390585674191,11.8104992694173,4.51705046533446,4.79814941125734,-5.39366647598886
48,12.5190863308554,1.21483062264487,0.604890325478099,-67.2101826955968,9.78207965491139,-5.47393055785494,10.5869900188088,-28.1686258302465
48,5.79062282327796,2.1917251747512,0.0569614926709643,0.0811537400181423,1.28985668546519,0.0736800115583885,6.44005395465889,7.71997510917195
48,5.79575409439443,2.32018057249789,0.0640636029715685,0.104820310225966,1.24912073873657,0.0707694598416573,6.35869835553102,11.7784146982567
48,5.79898083734134,2.44344709152901,0.0705139316658037,0.12217778701915,1.2424719897932,0.0675718045946731,6.26984985926532,12.2144636104531
48,5.8082784616713,2.56723273501916,0.0770255000124516,-8.29901807288507,-20.4716892462702,0.295284479453867,6.24101198933531,11.6100089296277
48,4.97092788167416,0.518319040969648,0.105924229437515,-31.0303567986637,-2.6024123835088,2.80255152775047,5.02165091824474,6.73008551680473
48,1.86502877479006,0.257505771250854,0.38589686298129,-1.15101696702766,0.556303371141027,-0.0105643395561884,2.90527190538633,5.32298113313132
48,1.74242550811385,0.311515412043312,0.384197406792559,45.570261442707,22.8461149003925,-1.2045774573244,2.46898039207763,3.58553027554506
48,6.29608716927538,2.59578559720907,0.263529128375564,1.17953622602938,-0.352568279100445,-0.0386270218066163,6.6114090618055,-4.72065768560088
48,6.406700030728,2.55917404262948,0.259117904888002,1.22981874569779,-0.386648454832555,-0.0389053997619856,6.88329832845978,-5.05331300939163
48,6.52632968494274,2.52023277185307,0.255023769238087,1.28314367977746,-0.433988541738693,-0.0386591166831655,7.09036673283617,-5.11605990028992
48,6.6472862182185,2.4754007230051,0.250573009827502,-7.45687345379491,-21.0029969828924,-1.68696634161334,7.21573152514265,-4.27741542051668
48,5.89842370538561,0.37466396726211,0.0816392928133966,-1.9739288182162,-2.7851863528301,0.517768668344453,5.85060824314996,1.75851362239492
48,5.69361447832349,0.0945509724565192,0.132824178531807,43.6188375319815,17.7591325581685,5.53564896380932,5.73931293217112,2.70335439959636
48,10.0523120369771,1.87023090777594,0.686187674971961,-10.5886991422764,56.8521523207519,-3.46138607485599,9.48626438354109,11.5359634657548
48,8.98558630208112,7.55412016004296,0.33952223978548,-51.6680713840846,-60.08653105472,3.09945377004364,11.8674906740901,8.12895727538185
48,3.81589786299571,1.54527044359091,0.649228460163762,6.62090606192298,-10.7698893061004,-5.02687500071905,5.39172244926815,20.0896915366838
48,4.4705237729799,0.466576543570714,0.145897872704089,18.3482279727216,9.24313291158673,-1.91927357535868,4.79900632850053,-1.27360362546469
48,6.30220067164782,1.39070455103063,-0.0461969145072571,53.7344461462993,66.111022229945,1.6466737123711,6.05403240092513,-35.5103911184006
48,11.6680312605261,8.00043502480425,0.117914124038095,-120.274366916834,-71.924688675378,-1.38315996156585,13.5409124565769,-7.37984816082956
48,-0.362353530714715,0.807540322042544,-0.0206756057942386,58.066751434739,-5.93833353625553,1.41510847285209,2.01260567932595,20.4870244854801
48,5.4368323830092,0.211971286639522,0.120196385248976,56.4456016171477,8.23228232157819,5.8564898617369,5.47155709183227,10.2366028124893
48,11.0784781417756,1.03481618949387,0.705608825902044,-71.5967586170217,1.4387808218498,-5.87659004498116,9.97914239519572,22.2368847627172
48,3.91106364766244,1.17701183973731,0.117327098877571,18.1422588946651,64.2306251123297,-0.401356214208568,4.95147413029089,6.13237632413992
48,5.72205066519273,7.59961717930359,0.0769287654934979,-19.9100106975711,-62.6822121043416,0.331088004545027,9.31858014763438,-14.6994646009524
48,3.72336481948759,1.33013960940356,0.109492922955979,58.3037568311022,7.84400152860924,5.74752404478772,5.18715978467147,-4.46990776646588
48,9.55033283045355,2.1142393560069,0.684021454143742,-1.85783747269284,53.8947938118916,-3.44344006672686,9.48602340377674,6.17036854502265
48,9.35691077355196,7.50261024594661,0.339197544666988,6.50397071908675,-56.4136946844003,3.48089551931227,12.0338353867115,0.158107983598965
48,10.0039894670123,1.86116812688571,0.687105822415238,-55.9742336783504,-18.4560864597319,-4.60410937152064,10.1385801705669,-5.30456700574972
48,4.39890672579268,0.0141619588151229,0.226143449980097,54.9562709008752,18.7991371462244,4.67024788970234,5.29774243639468,0.0731463779954276
48,9.89135861375182,1.89384968144922,0.692955520272162,3.08927466917111,59.1808189226237,-4.64146846900317,9.48764644920501,18.5768350536028
48,10.1922870163937,7.81030142877689,0.228195777376811,-113.416917913685,-69.7074605194526,-2.13177553733014,12.8945025668912,13.8685954946386
48,-1.15225872645602,0.838987608000157,0.0147074587848458,57.5271435762224,-3.70401080274642,1.22643105523733,1.84874725083927,33.6359568983969
48,4.59281694072427,0.466664757591422,0.136657474125714,57.853984428554,16.5228389560786,5.01089466349546,5.26897271438859,12.6218865789543
48,10.3751691454517,2.1188334751549,0.637575079001288,-8.16202104721197,59.812674609472,-4.00867606272519,9.90147905544873,-3.07051559065525
48,9.55117275482044,8.09864394636,0.236129117267201,-106.664922503668,-59.9831335675288,-3.49056867899042,12.6935173383396,-3.78581441744585
48,-1.11861505475422,2.10014392163897,-0.113150746131764,122.959553297222,60.5217918113153,2.50344622924099,2.19487850143767,-22.8512368369311
48,11.1698786883828,8.15105333885721,0.136637607917891,-14.7553112363936,-66.3603056024554,0.399908804179778,13.1337411969074,-7.70809087862618
48,9.69078301121343,1.51487922991701,0.176489980965172,-49.6083143634681,-10.6003595289448,5.52271943534382,9.87827028283349,-2.62943406111646
48,4.72269642581059,0.453346620848273,0.728151277679415,35.5890181134869,13.4010553637707,0.679743934251203,6.06180576688686,15.267123716578
48,8.27807488803253,1.79322349695364,0.795906127641743,16.2379867291394,60.2878492709602,-5.38907963270827,8.42852420629105,21.9579317566596
48,9.89416263352313,7.8206080427045,0.256432908243184,-48.1252143378596,-61.7157489084025,-2.76500839411315,12.1689947416025,2.63539728094228
48,5.07835454649239,1.64865669838555,-0.020294834401275,-53.7499023415297,-4.54325684287223,-0.5060445220507,6.38204841600617,-23.160812193921
48,-0.304024792134814,1.19273333838061,-0.0715431931313908,109.5771193441,71.2647026945992,2.05131449280485,1.94170082293882,-4.2109457903368
48,10.650124638708,8.31868779277123,0.133320593248592,-71.8302445616988,-60.2339785536352,-0.879044303682785,13.015083610504,2.74143449370041
48,3.4593857550921,2.29415172690903,0.0449135260644544,114.72237277234,67.0242634884242,7.68284411539281,5.30490359752935,8.44518092873874
48,14.9282368402741,8.99612768105383,0.812931188617953,-164.474192671632,-79.3815085528719,-7.87702763487441,16.9968344255372,34.2129368698594
48,-1.52675700999932,1.05633379487392,0.0245671938787897,72.1675803376212,6.89043487452163,-0.842136734806138,1.90580129418396,10.4805010144421
48,5.68672855827993,1.74493659043005,-0.0599091256129848,77.6380360465702,67.15837735069,0.395490559443342,6.21645087881694,-14.3791963784399
48,13.4431677073399,8.45935525596356,-0.0209518483040157,-79.629870299745,-61.7995920825276,-6.34631143395723,14.6562258677655,-2.92107637954456
48,5.47671708345972,2.27897554061533,-0.655783753756474,12.3134391717937,54.9200995095343,6.79587311787271,6.70015032665969,-5.54912903192066
48,6.7009611986248,7.76942035402654,0.0231852266030009,26.4139904555175,-54.9729415191352,6.47866791211526,10.4784163600916,7.38805793868257
48,9.33906679703518,2.27182414093799,0.670801934617761,-65.0670990231754,-11.5414217785738,-4.63909226267839,10.0382433084528,22.4493854571626
48,2.82454317997823,1.11627319090034,0.206334768478161,122.198263734286,76.4051343852055,6.18328679541568,4.49126648433638,8.65439858824533
48,15.0408572352514,8.75643162035804,0.824431966981776,-180.472223501309,-80.3324560523295,-6.68284957990039,17.2355024544436,-1.94804339097308
48,-3.01439495619068,0.721841870396292,0.155558540431331,115.087379548433,17.7572988286224,5.27325220325914,1.31166958228787,2.4976259976346
48,8.49081748887912,2.49711457600261,0.682597448073901,2.04839110279875,65.550890738354,-4.80418292231896,9.26037418618254,7.12675346408539
48,8.68764955835244,9.05093716468952,0.201640583279411,2.44984132192733,1.95570397757673,-0.609412634906857,12.22906232004,5.92071017103985
48,8.9290478834697,9.24613416864662,0.14045914114039,-105.755243756337,-81.5119729388545,-1.00218707513564,13.2637123574695,4.42865626512073
48,-1.65375609887923,1.0936073494988,0.039648588239622,171.543565679021,16.2112451271288,6.49196325757233,1.77885218887526,-2.64391587060858
48,15.4968563738084,2.71459714956328,0.688673829800154,-60.6873675123735,48.2406274587474,-3.57928809434652,13.9502255485071,-30.1797632503933
48,9.42015931153191,7.53758893614498,0.3302783363778,-62.9663744844304,-58.4060947637076,3.38105092737471,12.6699057359809,-6.31851599258282
48,3.12038728418354,1.69661476103013,0.668099355881572,-9.88466916407625,-2.99915846641754,-4.72736121568289,5.56476116491246,23.7287111622579
48,2.12404930262145,1.39514783350842,0.194771353302289,113.88574753298,85.0224498099866,6.22527975036663,4.05508308584958,15.101918238319
48,13.5093100087819,9.89722156450677,0.81709549522751,-53.4558979182341,-5.75863539173883,-6.17101778714031,15.7334767372878,42.7613746031296
48,8.155944531293,9.32002989287353,0.199436764637268,-52.602017075784,-64.1245180678871,-2.27113494767636,12.0466259586036,13.0419563345025
48,2.89237798313152,2.90720330590619,-0.0279057421877946,5.84632445115001,50.2909582587848,2.09034735223806,5.52165070506125,-17.2592820164759
48,3.46958000580605,7.93490778862023,0.18053940372523,46.8899984551889,-45.751003368288,4.41930934094399,8.28242974502141,-7.24646588160377
48,8.15501645195586,3.35989769429418,0.622320548994511,1.74739499407767,46.5564974276683,-2.89913867536104,9.14181522895606,-24.7851728835915
48,8.32193520462949,8.01452593642835,0.331942682876243,-11.8954409370125,-47.8071984766603,3.62722268671999,11.6538593931701,-8.9743553182819
48,7.12894726180998,3.23367036675507,0.694469601428568,-46.085131994201,43.9950764580883,-4.19625736231615,8.8606834245683,7.77027577915416
48,2.51255716879189,7.6317259196238,0.274252351658684,43.3223465659953,-43.8952141592112,4.36142778606346,7.78904183625815,6.12480265668254
48,6.84148168721015,3.242088825386,0.710185754744829,13.663354789571,48.2142036750723,-3.76565609812255,8.36871236297019,22.0548396770765
48,8.20010789440426,8.0622073190902,0.333090542542182,5.93921698035818,-48.1506418835302,2.8189621948041,11.5917415995934,3.2830463110569
48,8.79067016469627,3.24727566984473,0.61485056791326,10.284394880509,49.7844026695198,-3.98827543685082,9.54503663515946,-12.9980445264249
48,9.81152401721017,8.22446269149746,0.215492283973119,-62.4079703729101,-57.3827512990225,-2.13350095404529,12.646812541166,-5.36089314894172
48,3.56748990946538,2.48603204002007,0.00195548428119938,59.8224094427564,56.6392248758152,2.25540045155281,5.41353561587707,-0.630987360068718
48,9.54210178131418,8.14847743136591,0.226920281262891,-54.1853288562457,-61.9870109695179,3.58100053897678,12.5757940398973,-2.07233017812604
48,4.12059909231013,1.94964379356879,0.584799261944268,-8.18021394397433,-2.51772638458223,-4.94799573112793,6.07149029622739,-2.38113955648597
48,3.294891426337,1.69639556299817,0.0894063074712756,68.3097133444933,76.3531127016107,-0.121066322018344,4.72805291359675,-5.86260300797311
48,10.1224351044617,9.33159905110811,0.0771349561573912,-4.39630773939944,2.19654894978905,-0.113258089786745,12.8952047790967,-10.8253860875197
48,9.67486811500627,9.54985093442279,0.0652285434526296,-123.367551733762,-71.7571988288791,-1.20396015175297,13.7742799556737,0.605262236093605
48,-2.66499935948068,2.37366846620705,-0.0554677863002485,119.619754803178,60.7520183507787,2.5928674879655,1.8078248917823,31.5749206359738
48,9.28931811777658,8.44719915108917,0.203180738922079,-5.89061640820879,-51.2963322990345,4.13412482305784,12.6007052132722,12.1556985849514
48,8.69709977944001,3.31763364023169,0.616438031479036,9.906688536217,50.1192946582706,-4.05095147949168,9.60821374446076,13.4514506210317
48,9.68011352719277,8.32813417076568,0.210766387090474,-60.9147289539361,-56.1954220498785,-2.4850958182255,12.5618881443382,3.06818469818268
48,3.5854882349931,2.70838475267031,-0.0379351026538496,10.9728098731054,53.7476814784118,1.18972287276192,5.72530119960682,-12.6968267722304
48,4.67533351401732,8.08147886734035,0.0803787898514118,-26.8552915637594,-56.6703212436633,0.188405439571387,9.15402800776719,-1.77450655451263
48,1.98629111101507,2.41437125644264,0.0990517337132749,121.717458783517,65.2566169872236,7.79277973011174,4.35951241418415,-0.935645639888953
48,14.1504186097534,8.9389264242018,0.877829822733182,-79.2417925005348,-58.8451919161273,-0.975225681143461,16.1917011447305,-0.797318899597221
48,6.22262197700759,3.05444441080845,0.780158614726993,-41.0090017703055,46.0598699342262,-4.87760162929628,8.33506919472045,12.2943054038962
48,2.11386781407701,7.6589388495476,0.291794820089573,47.8085097589724,-41.2467954882322,3.81459064753415,7.59887775126173,8.36892873578988
48,6.89134068341576,3.53413230978587,0.673039254437119,11.2116270628177,58.3113211522146,-4.70976087613862,8.54962665805608,17.3723872967928
48,8.00459229857426,9.36393419555141,0.201509532749713,7.39452199060125,2.29089421911479,-0.955877838997613,11.7823538951809,5.70844642700601
48,8.74035026868704,9.59266598043617,0.105692172094601,-121.04894455236,-73.4927173844727,-0.965753782403051,13.3351307301191,-12.6297931541832
48,-3.37235723271264,2.24210945530328,0.00852965456048888,176.434610954809,71.8144082962525,7.71858144671849,1.38993144782456,-0.2715300364433
48,14.267487282212,9.42310084810338,0.780107788520885,-172.250125821905,-73.7257325073103,-7.73949487907694,17.0212754129947,2.03084726593113
48,-2.96555583171352,2.04914917968087,0.00555245168805152,118.996767921446,64.8942524076846,1.92260023170073,1.39269348894966,9.5371915430238
48,8.93069002275865,8.53784405185416,0.197481834731891,-70.8599540243965,-59.99446537076,-1.05340178644944,12.2588929910876,27.5289400194428
48,1.83696831770124,2.53690775318012,0.0915567119862202,75.2999079506181,62.7397499690692,6.31823248522723,4.53205779470462,10.219692147698
48,9.36352393993905,8.81046686914615,0.72310720897631,-85.9548877935374,-65.731164861943,-5.19947213302083,12.842722586483,-7.66745970885056
48,0.760288853163353,2.23646745032282,0.202706690785923,140.446901885111,69.5578235977329,5.91169503475582,3.34516943446664,-6.63191177239255
48,14.8012441791856,9.1920364872681,0.793678248176848,-142.521546431157,-67.7365447256488,-6.05585857372205,16.5734000862227,-21.6796883146832
48,0.540972887745932,2.41731030186856,0.187612445030224,59.3677590242119,73.7501010515615,5.92294746166732,3.92922887227385,-3.60950437776634
48,6.47423952148218,9.79184447659151,0.779609101446676,-58.2914521542526,-9.4410365845952,-5.34929643184929,11.5426140748698,26.8931210095394
48,0.636866642602642,8.84637701014901,0.244084960526279,53.3850570929894,-50.4161391879421,4.47590464474619,7.19896229423687,17.1659799076185
48,5.97213671746205,3.80453121436837,0.691433518438841,13.4047413604501,57.4757646164873,-4.85678464936376,7.94635583491306,40.2287056574634
48,7.3048124154827,9.5505051831697,0.20514738814136,-34.817689561288,-3.13479601927889,-1.92067340985286,11.4645581201475,15.3619841108267
48,3.81967799226943,9.23675833971491,0.012841365093618,-10.2365933965897,-62.4096800849261,-0.346583912325567,9.11098667738742,-11.4303042901193
48,2.78836728965618,2.99448526013579,-0.0223985099112204,75.5280326190852,57.3714579905426,1.16587308302049,4.88661945153289,-6.36427319020981
48,10.3376007929507,8.7311310735943,0.0939476565639111,-137.335681531678,-66.3369025246126,-0.775316217917017,13.5127348108816,-30.0459711148643
48,-3.40382317455374,2.09614863884795,0.0158413108408312,119.543921946713,67.938101696264,7.37145125278471,1.30637607517932,-4.43372359809541
48,8.54720805337705,8.88950985163993,0.752676424069858,-66.5354915579379,-63.4931604042074,-6.64267780766468,12.303773451532,16.7913047905514
48,1.88581525704541,2.53890974151874,0.0878542786728924,77.7300307766244,59.2554369710092,0.844280931206117,4.15803963021227,2.66188665360567
48,9.65516512163153,8.46386528719729,0.172015062825123,-88.9173121467965,-62.1123740677958,0.266834668116474,12.6835696747424,-8.17301257266182
48,0.755440732950712,2.25152719434425,0.198211847066413,125.339463442608,73.6706549415419,11.9400765435853,4.02399345813978,-4.24380367583911
48,13.2857947703606,9.61833025340861,1.39196083177164,-187.826105276761,-74.9535386852502,-12.5741518612889,16.8901169895171,-1.47992575688603
48,-5.50544901630838,2.12163640178624,0.133936747086048,121.607095413578,75.0529464644578,0.686769082127483,0.387748410531875,1.33607639131958
48,6.6516580533899,9.62627769570948,0.202293136062218,-44.1250469417061,-6.10110186194695,-0.592093600281875,11.8181222568882,16.2437277593744
48,2.23119494534185,9.01476655896755,0.142469073565243,62.4765631946125,-52.7000978923374,4.21440592141978,8.61833536184006,1.66853497526554
48,8.47531297323559,3.74487332019856,0.56374705880188,18.4191374308821,49.852210206268,-4.59410630347668,9.8957683114075,-19.5128023529776
48,10.3091698654752,8.72843125561119,0.103686956903965,-169.94963960994,-70.5679835005982,-8.49553865488382,14.1231271849413,-9.79273245295572
48,-6.68915239017373,1.67107547529099,-0.746176875505656,170.184296184394,74.99407769835,7.94128988472565,-0.873809019268204,-5.09536148831131
48,10.3213371590269,9.16863113580576,0.0472430266578569,-47.824301375814,-35.4866513871899,3.55100746457941,13.9216168090243,2.26486677231336
48,5.53573385543281,5.61990664840814,0.402157804616762,-3.5341946804231,3.04151307839449,0.101832340230526,9.10173345531608,28.0924723127216
48,5.17423514444406,5.92207904681703,0.411601156201333,-94.2864614041892,-39.2439641373818,-3.60302075478172,9.38084304165561,27.7166789594495
48,-4.25783542907085,1.99692527644963,0.0509478446557419,91.7176879771494,72.1997290830648,3.23401452556594,1.08784304843147,19.9524171628227
48,4.90526445896041,9.2153034662981,0.373720445084638,65.1434797336487,13.3277937306555,10.2590957337089,10.6207927351465,3.57000293352134
48,11.4158215746504,10.5480686548898,1.39942645118649,-196.168383724085,-89.6643716518925,-10.2435334298878,17.0440252368685,-22.6114503199641
48,-8.20975263720462,1.58081750635775,0.374588372254494,261.704919578993,83.864610065564,11.3066968845181,-0.818193894585914,-9.59529676425534
48,17.9570584322964,9.9672098475845,1.50503188409238,-176.290002662116,-74.9248636440535,-13.1299867815939,20.2784518472386,-7.39275386019536
48,0.319548710043095,2.47347707227038,0.191487409432819,24.7512567407354,66.1117576365989,-1.02550971342311,4.33666531921231,-2.04372721770476
48,2.79115576451279,9.08411109291431,0.0886214443130606,62.6273084247935,6.14332882398495,-0.0830085170717817,8.24071619553478,16.7704503663958
48,9.04610055099464,9.69700360472827,0.0797156569656226,-61.1375146038699,-66.6627727160226,-1.1624260116473,12.7307136483907,7.26785059745118
48,2.92924597078454,3.03041957051833,-0.0367468653882312,13.5933373702961,53.7335981062163,0.895706633582064,5.33687017603657,13.4750940010794
48,4.28096769815031,8.40181412903655,0.0520976821162113,-72.2483523602484,-58.5203276137442,-1.40811934744336,9.10442244714137,8.18071053207353
48,-2.94710861459279,2.54931248802729,-0.0890083270014355,70.006302441081,58.1339330811594,1.57982999869318,1.26437998454135,4.14767376646974
48,4.04546773666589,8.3608054051148,0.0682346299572474,-19.1505956624073,-54.9867265854872,-0.572398078018173,8.44415879607237,4.7688259287131
48,2.12760579480084,2.86191388238849,0.010802020298892,9.15790930651478,51.2985827693014,1.7854905325116,4.60118133363742,2.39938940432187
48,3.03682496536748,7.99045973427744,0.188831719484533,23.9994362657985,-45.5774931131456,5.83005345758723,7.99608624700536,-2.85490105007159
48,5.43087329336316,3.43215058589709,0.771512016744495,32.5847660846303,65.0719057518722,1.14705990712114,7.62214095560937,-0.739800515975192
48,8.67585621806582,9.9380371438626,0.885420105811149,0.552483978662443,-1.08207954359169,-0.21368007093179,13.0117583652674,-13.2837414920237
48,8.73431876580037,9.84135859659979,0.866055820036652,0.0308870238289713,-0.998042107487357,-0.180325764100583,13.1595552172479,-17.7854248628487
48,8.74256617914461,9.81332827351489,0.861299843734198,-0.0133657901480725,-1.31240170201967,-0.235158710182925,13.2460418250117,-16.7504865724553
