"smoothLatitude","smoothLongitude","smoothElevation","smoothGentimeSec","ID"
42.2842298535693,-83.7356913671524,217.698481650453,351278328.4,"ID180029190037169-24711"
42.2842413423552,-83.7356896651839,217.623066417125,351278328.5,"ID180029190037169-24711"
42.284252831141,-83.7356879632154,217.547651183796,351278328.6,"ID180029190037169-24711"
42.2842643199269,-83.735686261247,217.472235950467,351278328.7,"ID180029190037169-24711"
42.2842758412756,-83.7356844958909,217.396764801143,351278328.8,"ID180029190037169-24711"
42.2842873626242,-83.7356827305348,217.321293651819,351278328.9,"ID180029190037169-24711"
42.2842988839729,-83.7356809651787,217.245822502495,351278329,"ID180029190037169-24711"
42.284310417431,-83.7356791647946,217.170351434206,351278329.1,"ID180029190037169-24711"
42.2843219508892,-83.7356773644105,217.094880365916,351278329.2,"ID180029190037169-24711"
42.2843334843474,-83.7356755640264,217.019409297627,351278329.3,"ID180029190037169-24711"
42.2843451096612,-83.7356733985201,216.94409294073,351278329.4,"ID180029190037169-24711"
42.2843567349749,-83.7356712330138,216.868776583833,351278329.5,"ID180029190037169-24711"
42.2843683602887,-83.7356690675074,216.793460226936,351278329.6,"ID180029190037169-24711"
42.2843800133883,-83.7356666181855,216.718883482887,351278329.7,"ID180029190037169-24711"
42.2843916664879,-83.7356641688637,216.644306738837,351278329.8,"ID180029190037169-24711"
42.2844033195875,-83.7356617195418,216.569729994788,351278329.9,"ID180029190037169-24711"
42.2844149870039,-83.7356589872029,216.497240982014,351278330,"ID180029190037169-24711"
42.2844266544203,-83.7356562548639,216.42475196924,351278330.1,"ID180029190037169-24711"
42.2844383218367,-83.735653522525,216.352262956466,351278330.2,"ID180029190037169-24711"
42.2844500094173,-83.7356505153265,216.282642918396,351278330.3,"ID180029190037169-24711"
42.284461696998,-83.7356475081279,216.213022880325,351278330.4,"ID180029190037169-24711"
42.2844733845786,-83.7356445009294,216.143402842255,351278330.5,"ID180029190037169-24711"
42.2844851011912,-83.7356412167098,216.076483656592,351278330.6,"ID180029190037169-24711"
42.2844968178038,-83.7356379324902,216.009564470929,351278330.7,"ID180029190037169-24711"
42.2845085344164,-83.7356346482706,215.942645285266,351278330.8,"ID180029190037169-24711"
42.2845201535074,-83.7356310991751,215.87557587727,351278330.9,"ID180029190037169-24711"
42.2845317725984,-83.7356275500797,215.808506469274,351278331,"ID180029190037169-24711"
42.2845433916894,-83.7356240009842,215.741437061278,351278331.1,"ID180029190037169-24711"
42.2845547970152,-83.7356197998647,215.671707986962,351278331.2,"ID180029190037169-24711"
42.2845662023411,-83.7356155987453,215.601978912645,351278331.3,"ID180029190037169-24711"
42.284577607667,-83.7356113976259,215.532249838328,351278331.4,"ID180029190037169-24711"
42.2845889683233,-83.7356065484403,215.457836512379,351278331.5,"ID180029190037169-24711"
42.2846003289796,-83.7356016992547,215.383423186429,351278331.6,"ID180029190037169-24711"
42.2846116896359,-83.7355968500691,215.30900986048,351278331.7,"ID180029190037169-24711"
42.2846230800492,-83.7355916518188,215.231516327446,351278331.8,"ID180029190037169-24711"
42.2846344704625,-83.7355864535684,215.154022794413,351278331.9,"ID180029190037169-24711"
42.2846458608758,-83.7355812553181,215.07652926138,351278332,"ID180029190037169-24711"
42.2846574029489,-83.7355753736251,215.001585625254,351278332.1,"ID180029190037169-24711"
42.284668945022,-83.7355694919322,214.926641989129,351278332.2,"ID180029190037169-24711"
42.2846804870952,-83.7355636102392,214.851698353003,351278332.3,"ID180029190037169-24711"
42.2846919575455,-83.735557208307,214.780062402476,351278332.4,"ID180029190037169-24711"
42.2847034279958,-83.7355508063748,214.70842645195,351278332.5,"ID180029190037169-24711"
42.2847148984462,-83.7355444044425,214.636790501423,351278332.6,"ID180029190037169-24711"
42.2847260540163,-83.7355379908508,214.56773138537,351278332.7,"ID180029190037169-24711"
42.2847372095864,-83.735531577259,214.498672269316,351278332.8,"ID180029190037169-24711"
42.2847483651565,-83.7355251636673,214.429613153263,351278332.9,"ID180029190037169-24711"
42.2847594404245,-83.7355185331168,214.363304994732,351278333,"ID180029190037169-24711"
42.2847705156926,-83.7355119025662,214.296996836202,351278333.1,"ID180029190037169-24711"
42.2847815909606,-83.7355052720157,214.230688677672,351278333.2,"ID180029190037169-24711"
42.2847925436595,-83.7354985774689,214.16533167494,351278333.3,"ID180029190037169-24711"
42.2848034963584,-83.7354918829221,214.099974672209,351278333.4,"ID180029190037169-24711"
42.2848144490574,-83.7354851883753,214.034617669477,351278333.5,"ID180029190037169-24711"
42.2848252882422,-83.7354785900786,213.967066311439,351278333.6,"ID180029190037169-24711"
42.2848361274271,-83.7354719917819,213.899514953401,351278333.7,"ID180029190037169-24711"
42.284846966612,-83.7354653934853,213.831963595363,351278333.8,"ID180029190037169-24711"
42.2848579011682,-83.7354583902379,213.766955263438,351278333.9,"ID180029190037169-24711"
42.2848688357245,-83.7354513869906,213.701946931512,351278334,"ID180029190037169-24711"
42.2848797702807,-83.7354443837432,213.636938599586,351278334.1,"ID180029190037169-24711"
42.2848907704168,-83.7354368892177,213.576862158415,351278334.2,"ID180029190037169-24711"
42.2849017705529,-83.7354293946922,213.516785717244,351278334.3,"ID180029190037169-24711"
42.284912770689,-83.7354219001667,213.456709276073,351278334.4,"ID180029190037169-24711"
42.2849236406665,-83.7354142683506,213.402791287037,351278334.5,"ID180029190037169-24711"
42.284934510644,-83.7354066365345,213.348873298001,351278334.6,"ID180029190037169-24711"
42.2849453806215,-83.7353990047184,213.294955308965,351278334.7,"ID180029190037169-24711"
42.2849562109546,-83.7353909844495,213.254004423149,351278334.8,"ID180029190037169-24711"
42.2849670412877,-83.7353829641806,213.213053537333,351278334.9,"ID180029190037169-24711"
42.2849778716208,-83.7353749439118,213.172102651516,351278335,"ID180029190037169-24711"
42.284988488461,-83.7353666504425,213.138528532753,351278335.1,"ID180029190037169-24711"
42.2849991053012,-83.7353583569732,213.104954413989,351278335.2,"ID180029190037169-24711"
42.2850097221415,-83.7353500635039,213.071380295226,351278335.3,"ID180029190037169-24711"
42.2850198263613,-83.7353417669339,213.041120234851,351278335.4,"ID180029190037169-24711"
42.2850299305811,-83.7353334703638,213.010860174476,351278335.5,"ID180029190037169-24711"
42.2850400348009,-83.7353251737938,212.980600114101,351278335.6,"ID180029190037169-24711"
42.2850500930881,-83.7353165989773,212.951121386237,351278335.7,"ID180029190037169-24711"
42.2850601513753,-83.7353080241608,212.921642658372,351278335.8,"ID180029190037169-24711"
42.2850702096625,-83.7352994493443,212.892163930507,351278335.9,"ID180029190037169-24711"
42.2850802419252,-83.7352906558009,212.865063708159,351278336,"ID180029190037169-24711"
42.2850902741878,-83.7352818622574,212.837963485812,351278336.1,"ID180029190037169-24711"
42.2851003064505,-83.735273068714,212.810863263464,351278336.2,"ID180029190037169-24711"
42.2851103080166,-83.7352639841085,212.79036281672,351278336.3,"ID180029190037169-24711"
42.2851203095828,-83.7352548995029,212.769862369976,351278336.4,"ID180029190037169-24711"
42.285130311149,-83.7352458148974,212.749361923232,351278336.5,"ID180029190037169-24711"
42.2851403074494,-83.7352365461746,212.731304826709,351278336.6,"ID180029190037169-24711"
42.2851503037498,-83.7352272774519,212.713247730186,351278336.7,"ID180029190037169-24711"
42.2851603000502,-83.7352180087291,212.695190633663,351278336.8,"ID180029190037169-24711"
42.285170240636,-83.7352083509858,212.680412403361,351278336.9,"ID180029190037169-24711"
42.2851801812218,-83.7351986932424,212.665634173059,351278337,"ID180029190037169-24711"
42.2851901218076,-83.7351890354991,212.650855942756,351278337.1,"ID180029190037169-24711"
42.2851998739384,-83.7351788916106,212.632955626119,351278337.2,"ID180029190037169-24711"
42.2852096260692,-83.7351687477221,212.615055309482,351278337.3,"ID180029190037169-24711"
42.2852193782001,-83.7351586038337,212.597154992846,351278337.4,"ID180029190037169-24711"
42.285228697813,-83.7351479352552,212.569398545941,351278337.5,"ID180029190037169-24711"
42.285238017426,-83.7351372666768,212.541642099036,351278337.6,"ID180029190037169-24711"
42.285247337039,-83.7351265980984,212.513885652132,351278337.7,"ID180029190037169-24711"
42.2852564555532,-83.7351158205497,212.477835377025,351278337.8,"ID180029190037169-24711"
42.2852655740675,-83.7351050430011,212.441785101917,351278337.9,"ID180029190037169-24711"
42.2852746925818,-83.7350942654524,212.40573482681,351278338,"ID180029190037169-24711"
42.2852834438216,-83.73508336075,212.363189689581,351278338.1,"ID180029190037169-24711"
42.2852921950615,-83.7350724560476,212.320644552353,351278338.2,"ID180029190037169-24711"
42.2853009463013,-83.7350615513452,212.278099415125,351278338.3,"ID180029190037169-24711"
42.2853095266505,-83.7350505367397,212.237222015926,351278338.4,"ID180029190037169-24711"
42.2853181069998,-83.7350395221341,212.196344616726,351278338.5,"ID180029190037169-24711"
42.285326687349,-83.7350285075286,212.155467217527,351278338.6,"ID180029190037169-24711"
42.2853353010256,-83.7350175042865,212.122605526445,351278338.7,"ID180029190037169-24711"
42.2853439147023,-83.7350065010445,212.089743835362,351278338.8,"ID180029190037169-24711"
42.2853525283789,-83.7349954978025,212.05688214428,351278338.9,"ID180029190037169-24711"
42.2853608223435,-83.7349842378525,212.028357837777,351278339,"ID180029190037169-24711"
42.2853691163082,-83.7349729779026,211.999833531275,351278339.1,"ID180029190037169-24711"
42.2853774102728,-83.7349617179526,211.971309224773,351278339.2,"ID180029190037169-24711"
42.2853855136698,-83.7349502095372,211.937289230077,351278339.3,"ID180029190037169-24711"
42.2853936170669,-83.7349387011218,211.903269235382,351278339.4,"ID180029190037169-24711"
42.2854017204639,-83.7349271927064,211.869249240687,351278339.5,"ID180029190037169-24711"
42.2854097532784,-83.7349154926159,211.827807702208,351278339.6,"ID180029190037169-24711"
42.285417786093,-83.7349037925255,211.78636616373,351278339.7,"ID180029190037169-24711"
42.2854258189075,-83.734892092435,211.744924625252,351278339.8,"ID180029190037169-24711"
42.2854336366514,-83.7348800106328,211.696743294676,351278339.9,"ID180029190037169-24711"
42.2854414543953,-83.7348679288307,211.6485619641,351278340,"ID180029190037169-24711"
42.2854492721392,-83.7348558470285,211.600380633524,351278340.1,"ID180029190037169-24711"
42.2854570451011,-83.7348435073515,211.553913839764,351278340.2,"ID180029190037169-24711"
42.2854648180631,-83.7348311676745,211.507447046003,351278340.3,"ID180029190037169-24711"
42.285472591025,-83.7348188279975,211.460980252242,351278340.4,"ID180029190037169-24711"
42.2854802091603,-83.7348061553603,211.422577555443,351278340.5,"ID180029190037169-24711"
42.2854878272956,-83.7347934827231,211.384174858644,351278340.6,"ID180029190037169-24711"
42.2854954454309,-83.734780810086,211.345772161845,351278340.7,"ID180029190037169-24711"
42.2855026121553,-83.7347676419693,211.318781789521,351278340.8,"ID180029190037169-24711"
42.2855097788798,-83.7347544738527,211.291791417197,351278340.9,"ID180029190037169-24711"
42.2855169456042,-83.7347413057361,211.264801044873,351278341,"ID180029190037169-24711"
42.2855238354041,-83.7347278833697,211.245101073053,351278341.1,"ID180029190037169-24711"
42.285530725204,-83.7347144610033,211.225401101234,351278341.2,"ID180029190037169-24711"
42.2855376150039,-83.7347010386369,211.205701129414,351278341.3,"ID180029190037169-24711"
42.2855444129183,-83.734687374997,211.187069979509,351278341.4,"ID180029190037169-24711"
42.2855512108327,-83.7346737113571,211.168438829604,351278341.5,"ID180029190037169-24711"
42.2855580087471,-83.7346600477172,211.149807679698,351278341.6,"ID180029190037169-24711"
42.2855646959221,-83.7346462999724,211.130526072143,351278341.7,"ID180029190037169-24711"
42.2855713830972,-83.7346325522275,211.111244464588,351278341.8,"ID180029190037169-24711"
42.2855780702722,-83.7346188044826,211.091962857033,351278341.9,"ID180029190037169-24711"
42.2855848005488,-83.7346050313798,211.071064585304,351278342,"ID180029190037169-24711"
42.2855915308255,-83.7345912582769,211.050166313574,351278342.1,"ID180029190037169-24711"
42.2855982611022,-83.7345774851741,211.029268041844,351278342.2,"ID180029190037169-24711"
42.2856049246785,-83.7345636017825,211.006612335763,351278342.3,"ID180029190037169-24711"
42.2856115882549,-83.7345497183909,210.983956629682,351278342.4,"ID180029190037169-24711"
42.2856182518312,-83.7345358349993,210.961300923601,351278342.5,"ID180029190037169-24711"
42.2856247364085,-83.7345218824305,210.934802951278,351278342.6,"ID180029190037169-24711"
42.2856312209857,-83.7345079298617,210.908304978956,351278342.7,"ID180029190037169-24711"
42.2856377055629,-83.7344939772929,210.881807006633,351278342.8,"ID180029190037169-24711"
42.2856441117294,-83.7344799161389,210.857266094839,351278342.9,"ID180029190037169-24711"
42.2856505178958,-83.7344658549849,210.832725183045,351278343,"ID180029190037169-24711"
42.2856569240623,-83.7344517938309,210.808184271251,351278343.1,"ID180029190037169-24711"
42.2856633617013,-83.7344376535603,210.78677060863,351278343.2,"ID180029190037169-24711"
42.2856697993402,-83.7344235132897,210.76535694601,351278343.3,"ID180029190037169-24711"
42.2856762369792,-83.734409373019,210.743943283389,351278343.4,"ID180029190037169-24711"
42.2856828374667,-83.7343952284904,210.719942403002,351278343.5,"ID180029190037169-24711"
42.2856894379541,-83.7343810839617,210.695941522616,351278343.6,"ID180029190037169-24711"
42.2856960384416,-83.734366939433,210.671940642229,351278343.7,"ID180029190037169-24711"
42.2857027292384,-83.7343527733288,210.650968805471,351278343.8,"ID180029190037169-24711"
42.2857094200352,-83.7343386072246,210.629996968713,351278343.9,"ID180029190037169-24711"
42.285716110832,-83.7343244411204,210.609025131956,351278344,"ID180029190037169-24711"
42.2857228052174,-83.7343102678259,210.585995816697,351278344.1,"ID180029190037169-24711"
42.2857294996029,-83.7342960945314,210.562966501439,351278344.2,"ID180029190037169-24711"
42.2857361939883,-83.7342819212369,210.53993718618,351278344.3,"ID180029190037169-24711"
42.2857426866253,-83.7342678479298,210.512888952252,351278344.4,"ID180029190037169-24711"
42.2857491792623,-83.7342537746227,210.485840718325,351278344.5,"ID180029190037169-24711"
42.2857556718993,-83.7342397013156,210.458792484398,351278344.6,"ID180029190037169-24711"
42.2857619087889,-83.7342257504027,210.432849058186,351278344.7,"ID180029190037169-24711"
42.2857681456786,-83.7342117994898,210.406905631975,351278344.8,"ID180029190037169-24711"
42.2857743825683,-83.7341978485769,210.380962205764,351278344.9,"ID180029190037169-24711"
42.2857804913491,-83.7341840175579,210.348178171087,351278345,"ID180029190037169-24711"
42.2857866001299,-83.7341701865389,210.31539413641,351278345.1,"ID180029190037169-24711"
42.2857927089106,-83.7341563555198,210.282610101733,351278345.2,"ID180029190037169-24711"
42.2857988092435,-83.7341425148214,210.247173783432,351278345.3,"ID180029190037169-24711"
42.2858049095763,-83.734128674123,210.21173746513,351278345.4,"ID180029190037169-24711"
42.2858110099091,-83.7341148334246,210.176301146828,351278345.5,"ID180029190037169-24711"
42.2858171856463,-83.734100932927,210.139744362242,351278345.6,"ID180029190037169-24711"
42.2858233613834,-83.7340870324295,210.103187577655,351278345.7,"ID180029190037169-24711"
42.2858295371206,-83.7340731319319,210.066630793069,351278345.8,"ID180029190037169-24711"
42.2858355391856,-83.7340593247016,210.024422260811,351278345.9,"ID180029190037169-24711"
42.2858415412505,-83.7340455174713,209.982213728554,351278346,"ID180029190037169-24711"
42.2858475433155,-83.7340317102409,209.940005196296,351278346.1,"ID180029190037169-24711"
42.2858533136249,-83.7340179471892,209.895427120747,351278346.2,"ID180029190037169-24711"
42.2858590839343,-83.7340041841375,209.850849045199,351278346.3,"ID180029190037169-24711"
42.2858648542437,-83.7339904210858,209.80627096965,351278346.4,"ID180029190037169-24711"
42.2858704823665,-83.7339769079108,209.759816730288,351278346.5,"ID180029190037169-24711"
42.2858761104893,-83.7339633947359,209.713362490927,351278346.6,"ID180029190037169-24711"
42.2858817386121,-83.7339498815609,209.666908251566,351278346.7,"ID180029190037169-24711"
42.2858873046577,-83.7339365752417,209.616325888739,351278346.8,"ID180029190037169-24711"
42.2858928707033,-83.7339232689225,209.565743525912,351278346.9,"ID180029190037169-24711"
42.2858984367488,-83.7339099626032,209.515161163085,351278347,"ID180029190037169-24711"
42.2859040045838,-83.7338966523781,209.462166711111,351278347.1,"ID180029190037169-24711"
42.2859095724187,-83.733883342153,209.409172259136,351278347.2,"ID180029190037169-24711"
42.2859151402536,-83.7338700319279,209.356177807162,351278347.3,"ID180029190037169-24711"
42.2859206574056,-83.7338567285357,209.29891373023,351278347.4,"ID180029190037169-24711"
42.2859261745575,-83.7338434251435,209.241649653298,351278347.5,"ID180029190037169-24711"
42.2859316917095,-83.7338301217513,209.184385576366,351278347.6,"ID180029190037169-24711"
42.2859371858547,-83.7338169067019,209.123277295961,351278347.7,"ID180029190037169-24711"
42.2859426799999,-83.7338036916526,209.062169015555,351278347.8,"ID180029190037169-24711"
42.2859481741451,-83.7337904766032,209.00106073515,351278347.9,"ID180029190037169-24711"
42.2859536217271,-83.7337773751045,208.937700752839,351278348,"ID180029190037169-24711"
42.2859590693091,-83.7337642736058,208.874340770528,351278348.1,"ID180029190037169-24711"
42.285964516891,-83.7337511721071,208.810980788217,351278348.2,"ID180029190037169-24711"
42.2859699340547,-83.7337381342256,208.749184456637,351278348.3,"ID180029190037169-24711"
42.2859753512183,-83.7337250963442,208.687388125058,351278348.4,"ID180029190037169-24711"
42.2859807683819,-83.7337120584627,208.625591793478,351278348.5,"ID180029190037169-24711"
42.285986131267,-83.7336991451193,208.567415823837,351278348.6,"ID180029190037169-24711"
42.2859914941522,-83.7336862317759,208.509239854197,351278348.7,"ID180029190037169-24711"
42.2859968570373,-83.7336733184325,208.451063884556,351278348.8,"ID180029190037169-24711"
42.2860020982498,-83.7336604891991,208.396808723893,351278348.9,"ID180029190037169-24711"
42.2860073394622,-83.7336476599657,208.342553563229,351278349,"ID180029190037169-24711"
42.2860125806747,-83.7336348307323,208.288298402566,351278349.1,"ID180029190037169-24711"
42.2860176662145,-83.7336221812501,208.236860398697,351278349.2,"ID180029190037169-24711"
42.2860227517544,-83.733609531768,208.185422394828,351278349.3,"ID180029190037169-24711"
42.2860278372942,-83.7335968822858,208.133984390959,351278349.4,"ID180029190037169-24711"
42.2860328212556,-83.7335845598369,208.083687613975,351278349.5,"ID180029190037169-24711"
42.286037805217,-83.7335722373879,208.033390836992,351278349.6,"ID180029190037169-24711"
42.2860427891784,-83.733559914939,207.983094060008,351278349.7,"ID180029190037169-24711"
42.286047611051,-83.7335478714825,207.933818895474,351278349.8,"ID180029190037169-24711"
42.2860524329237,-83.733535828026,207.88454373094,351278349.9,"ID180029190037169-24711"
42.2860572547963,-83.7335237845695,207.835268566406,351278350,"ID180029190037169-24711"
42.2860618617212,-83.7335120133866,207.785929263703,351278350.1,"ID180029190037169-24711"
42.2860664686461,-83.7335002422038,207.736589960999,351278350.2,"ID180029190037169-24711"
42.286071075571,-83.7334884710209,207.687250658296,351278350.3,"ID180029190037169-24711"
42.2860755128498,-83.7334771416604,207.638421007901,351278350.4,"ID180029190037169-24711"
42.2860799501285,-83.7334658122999,207.589591357506,351278350.5,"ID180029190037169-24711"
42.2860843874072,-83.7334544829394,207.540761707111,351278350.6,"ID180029190037169-24711"
42.2860886597991,-83.7334435679818,207.492563235611,351278350.7,"ID180029190037169-24711"
42.286092932191,-83.7334326530241,207.444364764111,351278350.8,"ID180029190037169-24711"
42.2860972045828,-83.7334217380664,207.396166292611,351278350.9,"ID180029190037169-24711"
42.2861013693782,-83.7334112373348,207.350829671143,351278351,"ID180029190037169-24711"
42.2861055341735,-83.7334007366032,207.305493049675,351278351.1,"ID180029190037169-24711"
42.2861096989688,-83.7333902358716,207.260156428207,351278351.2,"ID180029190037169-24711"
42.2861137985502,-83.7333801573066,207.216500178049,351278351.3,"ID180029190037169-24711"
42.2861178981316,-83.7333700787415,207.172843927892,351278351.4,"ID180029190037169-24711"
42.2861219977129,-83.7333600001764,207.129187677734,351278351.5,"ID180029190037169-24711"
42.2861258967816,-83.7333500048068,207.088740872766,351278351.6,"ID180029190037169-24711"
42.2861297958503,-83.7333400094372,207.048294067798,351278351.7,"ID180029190037169-24711"
42.286133694919,-83.7333300140676,207.00784726283,351278351.8,"ID180029190037169-24711"
42.2861374602968,-83.7333202763084,206.97226347852,351278351.9,"ID180029190037169-24711"
42.2861412256745,-83.7333105385492,206.936679694211,351278352,"ID180029190037169-24711"
42.2861449910523,-83.73330080079,206.901095909901,351278352.1,"ID180029190037169-24711"
42.2861485151811,-83.7332915474646,206.863717522069,351278352.2,"ID180029190037169-24711"
42.2861520393099,-83.7332822941392,206.826339134236,351278352.3,"ID180029190037169-24711"
42.2861555634388,-83.7332730408138,206.788960746404,351278352.4,"ID180029190037169-24711"
42.2861589188657,-83.7332639535778,206.753784970677,351278352.5,"ID180029190037169-24711"
42.2861622742926,-83.7332548663418,206.718609194949,351278352.6,"ID180029190037169-24711"
42.2861656297195,-83.7332457791058,206.683433419222,351278352.7,"ID180029190037169-24711"
42.2861688233434,-83.7332370793929,206.654287535201,351278352.8,"ID180029190037169-24711"
42.2861720169674,-83.7332283796801,206.62514165118,351278352.9,"ID180029190037169-24711"
42.2861752105913,-83.7332196799672,206.595995767158,351278353,"ID180029190037169-24711"
42.2861783066273,-83.7332113088814,206.568970774265,351278353.1,"ID180029190037169-24711"
42.2861814026634,-83.7332029377955,206.541945781371,351278353.2,"ID180029190037169-24711"
42.2861844986994,-83.7331945667097,206.514920788478,351278353.3,"ID180029190037169-24711"
42.2861875449984,-83.7331863881724,206.49392781874,351278353.4,"ID180029190037169-24711"
42.2861905912974,-83.7331782096352,206.472934849003,351278353.5,"ID180029190037169-24711"
42.2861936375964,-83.7331700310979,206.451941879266,351278353.6,"ID180029190037169-24711"
42.2861965324905,-83.7331622611391,206.433956769481,351278353.7,"ID180029190037169-24711"
42.2861994273846,-83.7331544911803,206.415971659695,351278353.8,"ID180029190037169-24711"
42.2862023222788,-83.7331467212215,206.39798654991,351278353.9,"ID180029190037169-24711"
42.2862049532669,-83.7331394277532,206.376336245881,351278354,"ID180029190037169-24711"
42.286207584255,-83.7331321342848,206.354685941853,351278354.1,"ID180029190037169-24711"
42.2862102152432,-83.7331248408165,206.333035637825,351278354.2,"ID180029190037169-24711"
42.2862127380471,-83.7331178710279,206.30800903918,351278354.3,"ID180029190037169-24711"
42.286215260851,-83.7331109012393,206.282982440535,351278354.4,"ID180029190037169-24711"
42.2862177836549,-83.7331039314507,206.25795584189,351278354.5,"ID180029190037169-24711"
42.2862202303992,-83.7330970554329,206.235668155864,351278354.6,"ID180029190037169-24711"
42.2862226771435,-83.7330901794152,206.213380469838,351278354.7,"ID180029190037169-24711"
42.2862251238879,-83.7330833033974,206.191092783812,351278354.8,"ID180029190037169-24711"
42.2862274762413,-83.7330765497047,206.170906370659,351278354.9,"ID180029190037169-24711"
42.2862298285947,-83.7330697960119,206.150719957506,351278355,"ID180029190037169-24711"
42.2862321809481,-83.7330630423191,206.130533544353,351278355.1,"ID180029190037169-24711"
42.2862344428638,-83.7330563826818,206.11280867674,351278355.2,"ID180029190037169-24711"
42.2862367047794,-83.7330497230444,206.095083809127,351278355.3,"ID180029190037169-24711"
42.2862389666951,-83.7330430634071,206.077358941515,351278355.4,"ID180029190037169-24711"
42.2862410579807,-83.7330365554623,206.06387593744,351278355.5,"ID180029190037169-24711"
42.2862431492664,-83.7330300475175,206.050392933365,351278355.6,"ID180029190037169-24711"
42.286245240552,-83.7330235395727,206.036909929289,351278355.7,"ID180029190037169-24711"
42.2862471990527,-83.7330174186927,206.019149775574,351278355.8,"ID180029190037169-24711"
42.2862491575534,-83.7330112978127,206.001389621858,351278355.9,"ID180029190037169-24711"
42.2862511160541,-83.7330051769327,205.983629468142,351278356,"ID180029190037169-24711"
42.2862531054903,-83.7329995163722,205.962812945924,351278356.1,"ID180029190037169-24711"
42.2862550949265,-83.7329938558117,205.941996423705,351278356.2,"ID180029190037169-24711"
42.2862570843626,-83.7329881952512,205.921179901487,351278356.3,"ID180029190037169-24711"
42.2862589879111,-83.7329829102899,205.902846918873,351278356.4,"ID180029190037169-24711"
42.2862608914596,-83.7329776253286,205.884513936259,351278356.5,"ID180029190037169-24711"
42.2862627950081,-83.7329723403673,205.866180953645,351278356.6,"ID180029190037169-24711"
42.2862647414764,-83.7329673845709,205.84804387379,351278356.7,"ID180029190037169-24711"
42.2862666879446,-83.7329624287746,205.829906793935,351278356.8,"ID180029190037169-24711"
42.2862686344129,-83.7329574729783,205.81176971408,351278356.9,"ID180029190037169-24711"
42.2862703868573,-83.7329528217423,205.796470863683,351278357,"ID180029190037169-24711"
42.2862721393017,-83.7329481705063,205.781172013285,351278357.1,"ID180029190037169-24711"
42.2862738917462,-83.7329435192703,205.765873162888,351278357.2,"ID180029190037169-24711"
42.2862755609956,-83.7329391123557,205.751764220006,351278357.3,"ID180029190037169-24711"
42.2862772302451,-83.732934705441,205.737655277124,351278357.4,"ID180029190037169-24711"
42.2862788994945,-83.7329302985264,205.723546334243,351278357.5,"ID180029190037169-24711"
42.286280398667,-83.7329261056484,205.708044860731,351278357.6,"ID180029190037169-24711"
42.2862818978395,-83.7329219127704,205.69254338722,351278357.7,"ID180029190037169-24711"
42.2862833970121,-83.7329177198925,205.677041913709,351278357.8,"ID180029190037169-24711"
42.2862845358217,-83.7329140309717,205.664283988696,351278357.9,"ID180029190037169-24711"
42.2862856746314,-83.732910342051,205.651526063683,351278358,"ID180029190037169-24711"
42.2862868134411,-83.7329066531303,205.63876813867,351278358.1,"ID180029190037169-24711"
42.2862878125837,-83.7329033963967,205.627946904442,351278358.2,"ID180029190037169-24711"
42.2862888117262,-83.7329001396631,205.617125670214,351278358.3,"ID180029190037169-24711"
42.2862898108688,-83.7328968829294,205.606304435986,351278358.4,"ID180029190037169-24711"
42.2862908049486,-83.7328940547664,205.595110464008,351278358.5,"ID180029190037169-24711"
42.2862917990284,-83.7328912266033,205.583916492031,351278358.6,"ID180029190037169-24711"
42.2862927931082,-83.7328883984403,205.572722520053,351278358.7,"ID180029190037169-24711"
42.2862936521445,-83.7328859723107,205.563712042496,351278358.8,"ID180029190037169-24711"
42.2862945111809,-83.7328835461811,205.554701564939,351278358.9,"ID180029190037169-24711"
42.2862953702173,-83.7328811200515,205.545691087382,351278359,"ID180029190037169-24711"
42.2862962000871,-83.732878810512,205.536127197333,351278359.1,"ID180029190037169-24711"
42.2862970299569,-83.7328765009724,205.526563307285,351278359.2,"ID180029190037169-24711"
42.2862978598267,-83.7328741914329,205.516999417236,351278359.3,"ID180029190037169-24711"
42.2862984716583,-83.7328722069059,205.50569081964,351278359.4,"ID180029190037169-24711"
42.2862990834898,-83.7328702223789,205.494382222044,351278359.5,"ID180029190037169-24711"
42.2862996953214,-83.7328682378519,205.483073624448,351278359.6,"ID180029190037169-24711"
42.2862997967514,-83.7328667806293,205.473526495512,351278359.7,"ID180029190037169-24711"
42.2862998981814,-83.7328653234066,205.463979366577,351278359.8,"ID180029190037169-24711"
42.2862999996114,-83.732863866184,205.454432237641,351278359.9,"ID180029190037169-24711"
42.286299999638,-83.7328629321914,205.445951701376,351278360,"ID180029190037169-24711"
42.2862999996647,-83.7328619981988,205.43747116511,351278360.1,"ID180029190037169-24711"
42.2862999996914,-83.7328610642062,205.428990628844,351278360.2,"ID180029190037169-24711"
42.2862999996914,-83.7328607163988,205.421873022583,351278360.3,"ID180029190037169-24711"
42.2862999996914,-83.7328603685914,205.414755416323,351278360.4,"ID180029190037169-24711"
42.2862999996914,-83.732860020784,205.407637810062,351278360.5,"ID180029190037169-24711"
42.2862999996914,-83.7328600139184,205.404789785298,351278360.6,"ID180029190037169-24711"
42.2862999996914,-83.7328600070527,205.401941760535,351278360.7,"ID180029190037169-24711"
42.2862999996914,-83.732860000187,205.399093735771,351278360.8,"ID180029190037169-24711"
42.2862999996914,-83.732860000187,205.394874711961,351278360.9,"ID180029190037169-24711"
42.2862999996914,-83.732860000187,205.390655688152,351278361,"ID180029190037169-24711"
42.2862999996914,-83.732860000187,205.386436664343,351278361.1,"ID180029190037169-24711"
42.2862999996914,-83.732860000187,205.378514781863,351278361.2,"ID180029190037169-24711"
42.2862999996914,-83.732860000187,205.370592899383,351278361.3,"ID180029190037169-24711"
42.2862999996914,-83.732860000187,205.362671016904,351278361.4,"ID180029190037169-24711"
42.2862999996914,-83.732860000187,205.354187680523,351278361.5,"ID180029190037169-24711"
42.2862999996914,-83.732860000187,205.345704344143,351278361.6,"ID180029190037169-24711"
42.2862999996914,-83.732860000187,205.337221007763,351278361.7,"ID180029190037169-24711"
42.2862999996914,-83.732860000187,205.328884579505,351278361.8,"ID180029190037169-24711"
42.2862999996914,-83.732860000187,205.320548151248,351278361.9,"ID180029190037169-24711"
42.2862999996914,-83.732860000187,205.312211722991,351278362,"ID180029190037169-24711"
42.2862999996914,-83.732860000187,205.304071410095,351278362.1,"ID180029190037169-24711"
42.2862999996914,-83.732860000187,205.295931097199,351278362.2,"ID180029190037169-24711"
42.2862999996914,-83.732860000187,205.287790784304,351278362.3,"ID180029190037169-24711"
42.2862999996914,-83.732860000187,205.279454527059,351278362.4,"ID180029190037169-24711"
42.2862999996914,-83.732860000187,205.271118269813,351278362.5,"ID180029190037169-24711"
42.2862999996914,-83.732860000187,205.262782012568,351278362.6,"ID180029190037169-24711"
42.2862999996914,-83.732860000187,205.254293588025,351278362.7,"ID180029190037169-24711"
42.2862999996914,-83.732860000187,205.245805163482,351278362.8,"ID180029190037169-24711"
42.2862999996914,-83.732860000187,205.237316738939,351278362.9,"ID180029190037169-24711"
42.2862999996914,-83.732860000187,205.229365504492,351278363,"ID180029190037169-24711"
42.2862999996914,-83.732860000187,205.221414270046,351278363.1,"ID180029190037169-24711"
42.2862999996914,-83.732860000187,205.213463035599,351278363.2,"ID180029190037169-24711"
42.2862999996914,-83.732860000187,205.208206118746,351278363.3,"ID180029190037169-24711"
42.2862999996914,-83.732860000187,205.202949201892,351278363.4,"ID180029190037169-24711"
42.2862999996914,-83.732860000187,205.197692285038,351278363.5,"ID180029190037169-24711"
42.2862999996914,-83.732860000187,205.191533590042,351278363.6,"ID180029190037169-24711"
42.2862999996914,-83.732860000187,205.185374895046,351278363.7,"ID180029190037169-24711"
42.2862999996914,-83.732860000187,205.17921620005,351278363.8,"ID180029190037169-24711"
42.2862999996914,-83.732860000187,205.170880794549,351278363.9,"ID180029190037169-24711"
42.2862999996914,-83.732860000187,205.162545389048,351278364,"ID180029190037169-24711"
42.2862999996914,-83.732860000187,205.154209983548,351278364.1,"ID180029190037169-24711"
42.2862999996914,-83.732860000187,205.145712093039,351278364.2,"ID180029190037169-24711"
42.2862999996914,-83.732860000187,205.13721420253,351278364.3,"ID180029190037169-24711"
42.2862999996914,-83.732860000187,205.12871631202,351278364.4,"ID180029190037169-24711"
42.2862999996914,-83.732860000187,205.120463215635,351278364.5,"ID180029190037169-24711"
42.2862999996914,-83.732860000187,205.11221011925,351278364.6,"ID180029190037169-24711"
42.2862999996914,-83.732860000187,205.103957022864,351278364.7,"ID180029190037169-24711"
42.2862999996912,-83.7328600001872,205.095719591252,351278364.8,"ID180029190037169-24711"
42.2862999996911,-83.7328600001873,205.08748215964,351278364.9,"ID180029190037169-24711"
42.286299999691,-83.7328600001875,205.079244728028,351278365,"ID180029190037169-24711"
42.2862999992063,-83.7328600007289,205.070087734503,351278365.1,"ID180029190037169-24711"
42.2862999987216,-83.7328600012703,205.060930740978,351278365.2,"ID180029190037169-24711"
42.286299998237,-83.7328600018116,205.051773747453,351278365.3,"ID180029190037169-24711"
42.2862999972839,-83.7328600028765,205.042146618966,351278365.4,"ID180029190037169-24711"
42.2862999963309,-83.7328600039413,205.032519490478,351278365.5,"ID180029190037169-24711"
42.2862999953778,-83.7328600050062,205.022892361991,351278365.6,"ID180029190037169-24711"
42.2862999943658,-83.7328600061369,205.012652058801,351278365.7,"ID180029190037169-24711"
42.2862999933538,-83.7328600072676,205.002411755611,351278365.8,"ID180029190037169-24711"
42.2862999923418,-83.7328600083984,204.992171452421,351278365.9,"ID180029190037169-24711"
42.2862999912446,-83.7328600096241,204.981807057667,351278366,"ID180029190037169-24711"
